TimeStamp,Unit,,,TimeStamp,,Values_60
16:30:18.455 -> 0.0,kPa,,,30:18.5,->,0
16:30:18.595 -> 2.0,kPa,,,30:18.6,->,2
16:30:18.689 -> 0.0,kPa,,,30:18.7,->,0
16:30:18.783 -> 2.0,kPa,,,30:18.8,->,2
16:30:19.674 -> 0.0,kPa,,,30:19.7,->,0
16:30:19.768 -> 0.0,kPa,,,30:19.8,->,0
16:30:19.861 -> 0.0,kPa,,,30:19.9,->,0
16:30:20.002 -> 25.4,kPa,,,30:20.0,->,25.4
16:30:20.143 -> 39.1,kPa,,,30:20.1,->,39.1
16:30:20.189 -> 50.8,kPa,,,30:20.2,->,50.8
16:30:20.283 -> 50.8,kPa,,,30:20.3,->,50.8
16:30:20.393 -> 52.8,kPa,,,30:20.4,->,52.8
16:30:20.502 -> 52.8,kPa,,,30:20.5,->,52.8
16:30:20.596 -> 54.7,kPa,,,30:20.6,->,54.7
16:30:20.690 -> 50.8,kPa,,,30:20.7,->,50.8
16:30:20.784 -> 52.8,kPa,,,30:20.8,->,52.8
16:30:20.877 -> 54.7,kPa,,,30:20.9,->,54.7
16:30:20.971 -> 54.7,kPa,,,30:21.0,->,54.7
16:30:21.065 -> 54.7,kPa,,,30:21.1,->,54.7
16:30:21.206 -> 54.7,kPa,,,30:21.2,->,54.7
16:30:21.299 -> 52.8,kPa,,,30:21.3,->,52.8
16:30:21.409 -> 52.8,kPa,,,30:21.4,->,52.8
16:30:21.502 -> 50.8,kPa,,,30:21.5,->,50.8
16:30:21.596 -> 50.8,kPa,,,30:21.6,->,50.8
16:30:21.737 -> 52.8,kPa,,,30:21.7,->,52.8
16:30:21.784 -> 52.8,kPa,,,30:21.8,->,52.8
16:30:21.878 -> 52.8,kPa,,,30:21.9,->,52.8
16:30:21.972 -> 52.8,kPa,,,30:22.0,->,52.8
16:30:22.112 -> 50.8,kPa,,,30:22.1,->,50.8
16:30:22.206 -> 52.8,kPa,,,30:22.2,->,52.8
16:30:22.300 -> 52.8,kPa,,,30:22.3,->,52.8
16:30:22.394 -> 52.8,kPa,,,30:22.4,->,52.8
16:30:22.503 -> 50.8,kPa,,,30:22.5,->,50.8
16:30:22.613 -> 48.9,kPa,,,30:22.6,->,48.9
16:30:22.706 -> 46.9,kPa,,,30:22.7,->,46.9
16:30:22.800 -> 48.9,kPa,,,30:22.8,->,48.9
16:30:22.910 -> 50.8,kPa,,,30:22.9,->,50.8
16:30:23.003 -> 52.8,kPa,,,30:23.0,->,52.8
16:30:23.097 -> 52.8,kPa,,,30:23.1,->,52.8
16:30:23.191 -> 48.9,kPa,,,30:23.2,->,48.9
16:30:23.285 -> 48.9,kPa,,,30:23.3,->,48.9
16:30:23.394 -> 48.9,kPa,,,30:23.4,->,48.9
16:30:23.488 -> 50.8,kPa,,,30:23.5,->,50.8
16:30:23.582 -> 48.9,kPa,,,30:23.6,->,48.9
16:30:23.723 -> 48.9,kPa,,,30:23.7,->,48.9
16:30:23.816 -> 50.8,kPa,,,30:23.8,->,50.8
16:30:23.926 -> 52.8,kPa,,,30:23.9,->,52.8
16:30:24.020 -> 52.8,kPa,,,30:24.0,->,52.8
16:30:24.113 -> 50.8,kPa,,,30:24.1,->,50.8
16:30:24.207 -> 50.8,kPa,,,30:24.2,->,50.8
16:30:24.301 -> 48.9,kPa,,,30:24.3,->,48.9
16:30:24.394 -> 50.8,kPa,,,30:24.4,->,50.8
16:30:24.489 -> 52.8,kPa,,,30:24.5,->,52.8
16:30:24.630 -> 52.8,kPa,,,30:24.6,->,52.8
16:30:24.724 -> 52.8,kPa,,,30:24.7,->,52.8
16:30:24.802 -> 50.8,kPa,,,30:24.8,->,50.8
16:30:24.896 -> 52.8,kPa,,,30:24.9,->,52.8
16:30:24.989 -> 52.8,kPa,,,30:25.0,->,52.8
16:30:25.083 -> 52.8,kPa,,,30:25.1,->,52.8
16:30:25.224 -> 50.8,kPa,,,30:25.2,->,50.8
16:30:25.318 -> 52.8,kPa,,,30:25.3,->,52.8
16:30:25.411 -> 52.8,kPa,,,30:25.4,->,52.8
16:30:25.505 -> 52.8,kPa,,,30:25.5,->,52.8
16:30:25.614 -> 54.7,kPa,,,30:25.6,->,54.7
16:30:25.708 -> 50.8,kPa,,,30:25.7,->,50.8
16:30:25.802 -> 52.8,kPa,,,30:25.8,->,52.8
16:30:25.896 -> 50.8,kPa,,,30:25.9,->,50.8
16:30:25.990 -> 52.8,kPa,,,30:26.0,->,52.8
16:30:26.131 -> 52.8,kPa,,,30:26.1,->,52.8
16:30:26.225 -> 50.8,kPa,,,30:26.2,->,50.8
16:30:26.318 -> 52.8,kPa,,,30:26.3,->,52.8
16:30:26.412 -> 50.8,kPa,,,30:26.4,->,50.8
16:30:26.506 -> 52.8,kPa,,,30:26.5,->,52.8
16:30:26.599 -> 52.8,kPa,,,30:26.6,->,52.8
16:30:26.693 -> 50.8,kPa,,,30:26.7,->,50.8
16:30:26.834 -> 50.8,kPa,,,30:26.8,->,50.8
16:30:26.928 -> 50.8,kPa,,,30:26.9,->,50.8
16:30:27.021 -> 50.8,kPa,,,30:27.0,->,50.8
16:30:27.115 -> 50.8,kPa,,,30:27.1,->,50.8
16:30:27.209 -> 50.8,kPa,,,30:27.2,->,50.8
16:30:27.303 -> 52.8,kPa,,,30:27.3,->,52.8
16:30:27.444 -> 52.8,kPa,,,30:27.4,->,52.8
16:30:27.538 -> 52.8,kPa,,,30:27.5,->,52.8
16:30:27.631 -> 50.8,kPa,,,30:27.6,->,50.8
16:30:27.725 -> 50.8,kPa,,,30:27.7,->,50.8
16:30:27.819 -> 50.8,kPa,,,30:27.8,->,50.8
16:30:27.913 -> 50.8,kPa,,,30:27.9,->,50.8
16:30:28.006 -> 50.8,kPa,,,30:28.0,->,50.8
16:30:28.147 -> 50.8,kPa,,,30:28.1,->,50.8
16:30:28.241 -> 48.9,kPa,,,30:28.2,->,48.9
16:30:28.334 -> 48.9,kPa,,,30:28.3,->,48.9
16:30:28.428 -> 48.9,kPa,,,30:28.4,->,48.9
16:30:28.522 -> 48.9,kPa,,,30:28.5,->,48.9
16:30:28.616 -> 50.8,kPa,,,30:28.6,->,50.8
16:30:28.711 -> 48.9,kPa,,,30:28.7,->,48.9
16:30:28.805 -> 48.9,kPa,,,30:28.8,->,48.9
16:30:28.945 -> 48.9,kPa,,,30:28.9,->,48.9
16:30:29.039 -> 50.8,kPa,,,30:29.0,->,50.8
16:30:29.133 -> 50.8,kPa,,,30:29.1,->,50.8
16:30:29.226 -> 50.8,kPa,,,30:29.2,->,50.8
16:30:29.320 -> 48.9,kPa,,,30:29.3,->,48.9
16:30:29.414 -> 50.8,kPa,,,30:29.4,->,50.8
16:30:29.555 -> 50.8,kPa,,,30:29.6,->,50.8
16:30:29.648 -> 52.8,kPa,,,30:29.6,->,52.8
16:30:29.742 -> 52.8,kPa,,,30:29.7,->,52.8
16:30:29.836 -> 52.8,kPa,,,30:29.8,->,52.8
16:30:29.937 -> 52.8,kPa,,,30:29.9,->,52.8
16:30:30.040 -> 52.8,kPa,,,30:30.0,->,52.8
16:30:30.133 -> 52.8,kPa,,,30:30.1,->,52.8
16:30:30.227 -> 52.8,kPa,,,30:30.2,->,52.8
16:30:30.321 -> 50.8,kPa,,,30:30.3,->,50.8
16:30:30.462 -> 52.8,kPa,,,30:30.5,->,52.8
16:30:30.555 -> 54.7,kPa,,,30:30.6,->,54.7
16:30:30.649 -> 52.8,kPa,,,30:30.6,->,52.8
16:30:30.743 -> 52.8,kPa,,,30:30.7,->,52.8
16:30:30.837 -> 50.8,kPa,,,30:30.8,->,50.8
16:30:30.930 -> 50.8,kPa,,,30:30.9,->,50.8
16:30:31.055 -> 50.8,kPa,,,30:31.1,->,50.8
16:30:31.149 -> 52.8,kPa,,,30:31.1,->,52.8
16:30:31.243 -> 50.8,kPa,,,30:31.2,->,50.8
16:30:31.321 -> 52.8,kPa,,,30:31.3,->,52.8
16:30:31.415 -> 50.8,kPa,,,30:31.4,->,50.8
16:30:31.556 -> 50.8,kPa,,,30:31.6,->,50.8
16:30:31.650 -> 48.9,kPa,,,30:31.6,->,48.9
16:30:31.743 -> 50.8,kPa,,,30:31.7,->,50.8
16:30:31.837 -> 50.8,kPa,,,30:31.8,->,50.8
16:30:31.931 -> 50.8,kPa,,,30:31.9,->,50.8
16:30:32.025 -> 50.8,kPa,,,30:32.0,->,50.8
16:30:32.165 -> 48.9,kPa,,,30:32.2,->,48.9
16:30:32.262 -> 48.9,kPa,,,30:32.3,->,48.9
16:30:32.353 -> 50.8,kPa,,,30:32.4,->,50.8
16:30:32.447 -> 50.8,kPa,,,30:32.4,->,50.8
16:30:32.541 -> 50.8,kPa,,,30:32.5,->,50.8
16:30:32.635 -> 48.9,kPa,,,30:32.6,->,48.9
16:30:32.729 -> 52.8,kPa,,,30:32.7,->,52.8
16:30:32.869 -> 52.8,kPa,,,30:32.9,->,52.8
16:30:32.979 -> 50.8,kPa,,,30:33.0,->,50.8
16:30:33.073 -> 52.8,kPa,,,30:33.1,->,52.8
16:30:33.167 -> 50.8,kPa,,,30:33.2,->,50.8
16:30:33.260 -> 50.8,kPa,,,30:33.3,->,50.8
16:30:33.354 -> 46.9,kPa,,,30:33.4,->,46.9
16:30:33.448 -> 50.8,kPa,,,30:33.4,->,50.8
16:30:33.541 -> 50.8,kPa,,,30:33.5,->,50.8
16:30:33.635 -> 48.9,kPa,,,30:33.6,->,48.9
16:30:33.776 -> 50.8,kPa,,,30:33.8,->,50.8
16:30:33.870 -> 52.8,kPa,,,30:33.9,->,52.8
16:30:33.963 -> 50.8,kPa,,,30:34.0,->,50.8
16:30:34.057 -> 52.8,kPa,,,30:34.1,->,52.8
16:30:34.151 -> 50.8,kPa,,,30:34.2,->,50.8
16:30:34.245 -> 50.8,kPa,,,30:34.2,->,50.8
16:30:34.354 -> 50.8,kPa,,,30:34.4,->,50.8
16:30:34.448 -> 48.9,kPa,,,30:34.4,->,48.9
16:30:34.542 -> 48.9,kPa,,,30:34.5,->,48.9
16:30:34.682 -> 50.8,kPa,,,30:34.7,->,50.8
16:30:34.776 -> 48.9,kPa,,,30:34.8,->,48.9
16:30:34.870 -> 48.9,kPa,,,30:34.9,->,48.9
16:30:34.964 -> 48.9,kPa,,,30:35.0,->,48.9
16:30:35.073 -> 46.9,kPa,,,30:35.1,->,46.9
16:30:35.167 -> 46.9,kPa,,,30:35.2,->,46.9
16:30:35.260 -> 46.9,kPa,,,30:35.3,->,46.9
16:30:35.354 -> 50.8,kPa,,,30:35.4,->,50.8
16:30:35.449 -> 48.9,kPa,,,30:35.4,->,48.9
16:30:35.558 -> 50.8,kPa,,,30:35.6,->,50.8
16:30:35.667 -> 50.8,kPa,,,30:35.7,->,50.8
16:30:35.761 -> 50.8,kPa,,,30:35.8,->,50.8
16:30:35.855 -> 50.8,kPa,,,30:35.9,->,50.8
16:30:35.949 -> 48.9,kPa,,,30:35.9,->,48.9
16:30:36.058 -> 52.8,kPa,,,30:36.1,->,52.8
16:30:36.152 -> 48.9,kPa,,,30:36.2,->,48.9
16:30:36.293 -> 50.8,kPa,,,30:36.3,->,50.8
16:30:36.386 -> 48.9,kPa,,,30:36.4,->,48.9
16:30:36.480 -> 48.9,kPa,,,30:36.5,->,48.9
16:30:36.574 -> 48.9,kPa,,,30:36.6,->,48.9
16:30:36.668 -> 46.9,kPa,,,30:36.7,->,46.9
16:30:36.762 -> 46.9,kPa,,,30:36.8,->,46.9
16:30:36.856 -> 43.0,kPa,,,30:36.9,->,43
16:30:36.949 -> 43.0,kPa,,,30:36.9,->,43
16:30:37.090 -> 45.0,kPa,,,30:37.1,->,45
16:30:37.152 -> 46.9,kPa,,,30:37.2,->,46.9
16:30:37.262 -> 46.9,kPa,,,30:37.3,->,46.9
16:30:37.356 -> 46.9,kPa,,,30:37.4,->,46.9
16:30:37.497 -> 48.9,kPa,,,30:37.5,->,48.9
16:30:37.591 -> 50.8,kPa,,,30:37.6,->,50.8
16:30:37.684 -> 50.8,kPa,,,30:37.7,->,50.8
16:30:37.778 -> 52.8,kPa,,,30:37.8,->,52.8
16:30:37.872 -> 52.8,kPa,,,30:37.9,->,52.8
16:30:37.966 -> 52.8,kPa,,,30:38.0,->,52.8
16:30:38.059 -> 54.7,kPa,,,30:38.1,->,54.7
16:30:38.201 -> 54.7,kPa,,,30:38.2,->,54.7
16:30:38.294 -> 52.8,kPa,,,30:38.3,->,52.8
16:30:38.388 -> 54.7,kPa,,,30:38.4,->,54.7
16:30:38.498 -> 54.7,kPa,,,30:38.5,->,54.7
16:30:38.591 -> 52.8,kPa,,,30:38.6,->,52.8
16:30:38.685 -> 52.8,kPa,,,30:38.7,->,52.8
16:30:38.779 -> 52.8,kPa,,,30:38.8,->,52.8
16:30:38.873 -> 52.8,kPa,,,30:38.9,->,52.8
16:30:38.966 -> 52.8,kPa,,,30:39.0,->,52.8
16:30:39.107 -> 50.8,kPa,,,30:39.1,->,50.8
16:30:39.201 -> 50.8,kPa,,,30:39.2,->,50.8
16:30:39.294 -> 50.8,kPa,,,30:39.3,->,50.8
16:30:39.388 -> 50.8,kPa,,,30:39.4,->,50.8
16:30:39.482 -> 48.9,kPa,,,30:39.5,->,48.9
16:30:39.576 -> 48.9,kPa,,,30:39.6,->,48.9
16:30:39.670 -> 50.8,kPa,,,30:39.7,->,50.8
16:30:39.810 -> 50.8,kPa,,,30:39.8,->,50.8
16:30:39.904 -> 50.8,kPa,,,30:39.9,->,50.8
16:30:39.998 -> 48.9,kPa,,,30:40.0,->,48.9
16:30:40.092 -> 48.9,kPa,,,30:40.1,->,48.9
16:30:40.185 -> 48.9,kPa,,,30:40.2,->,48.9
16:30:40.279 -> 48.9,kPa,,,30:40.3,->,48.9
16:30:40.373 -> 46.9,kPa,,,30:40.4,->,46.9
16:30:40.514 -> 46.9,kPa,,,30:40.5,->,46.9
16:30:40.607 -> 46.9,kPa,,,30:40.6,->,46.9
16:30:40.701 -> 48.9,kPa,,,30:40.7,->,48.9
16:30:40.795 -> 46.9,kPa,,,30:40.8,->,46.9
16:30:40.905 -> 46.9,kPa,,,30:40.9,->,46.9
16:30:40.998 -> 45.0,kPa,,,30:41.0,->,45
16:30:41.092 -> 45.0,kPa,,,30:41.1,->,45
16:30:41.186 -> 43.0,kPa,,,30:41.2,->,43
16:30:41.280 -> 43.0,kPa,,,30:41.3,->,43
16:30:41.389 -> 45.0,kPa,,,30:41.4,->,45
16:30:41.498 -> 46.9,kPa,,,30:41.5,->,46.9
16:30:41.592 -> 46.9,kPa,,,30:41.6,->,46.9
16:30:41.686 -> 48.9,kPa,,,30:41.7,->,48.9
16:30:41.780 -> 46.9,kPa,,,30:41.8,->,46.9
16:30:41.873 -> 50.8,kPa,,,30:41.9,->,50.8
16:30:41.983 -> 52.8,kPa,,,30:42.0,->,52.8
16:30:42.123 -> 52.8,kPa,,,30:42.1,->,52.8
16:30:42.218 -> 52.8,kPa,,,30:42.2,->,52.8
16:30:42.311 -> 54.7,kPa,,,30:42.3,->,54.7
16:30:42.405 -> 54.7,kPa,,,30:42.4,->,54.7
16:30:42.499 -> 52.8,kPa,,,30:42.5,->,52.8
16:30:42.593 -> 54.7,kPa,,,30:42.6,->,54.7
16:30:42.686 -> 54.7,kPa,,,30:42.7,->,54.7
16:30:42.780 -> 52.8,kPa,,,30:42.8,->,52.8
16:30:42.921 -> 54.7,kPa,,,30:42.9,->,54.7
16:30:43.014 -> 52.8,kPa,,,30:43.0,->,52.8
16:30:43.108 -> 52.8,kPa,,,30:43.1,->,52.8
16:30:43.202 -> 52.8,kPa,,,30:43.2,->,52.8
16:30:43.296 -> 52.8,kPa,,,30:43.3,->,52.8
16:30:43.389 -> 52.8,kPa,,,30:43.4,->,52.8
16:30:43.530 -> 50.8,kPa,,,30:43.5,->,50.8
16:30:43.624 -> 52.8,kPa,,,30:43.6,->,52.8
16:30:43.718 -> 50.8,kPa,,,30:43.7,->,50.8
16:30:43.812 -> 50.8,kPa,,,30:43.8,->,50.8
16:30:43.906 -> 50.8,kPa,,,30:43.9,->,50.8
16:30:43.999 -> 50.8,kPa,,,30:44.0,->,50.8
16:30:44.093 -> 50.8,kPa,,,30:44.1,->,50.8
16:30:44.187 -> 48.9,kPa,,,30:44.2,->,48.9
16:30:44.327 -> 48.9,kPa,,,30:44.3,->,48.9
16:30:44.421 -> 48.9,kPa,,,30:44.4,->,48.9
16:30:44.515 -> 46.9,kPa,,,30:44.5,->,46.9
16:30:44.609 -> 48.9,kPa,,,30:44.6,->,48.9
16:30:44.702 -> 48.9,kPa,,,30:44.7,->,48.9
16:30:44.796 -> 46.9,kPa,,,30:44.8,->,46.9
16:30:44.937 -> 48.9,kPa,,,30:44.9,->,48.9
16:30:45.031 -> 48.9,kPa,,,30:45.0,->,48.9
16:30:45.125 -> 46.9,kPa,,,30:45.1,->,46.9
16:30:45.218 -> 48.9,kPa,,,30:45.2,->,48.9
16:30:45.297 -> 48.9,kPa,,,30:45.3,->,48.9
16:30:45.437 -> 50.8,kPa,,,30:45.4,->,50.8
16:30:45.515 -> 52.8,kPa,,,30:45.5,->,52.8
16:30:45.609 -> 50.8,kPa,,,30:45.6,->,50.8
16:30:45.703 -> 50.8,kPa,,,30:45.7,->,50.8
16:30:45.828 -> 52.8,kPa,,,30:45.8,->,52.8
16:30:45.921 -> 52.8,kPa,,,30:45.9,->,52.8
16:30:46.015 -> 54.7,kPa,,,30:46.0,->,54.7
16:30:46.109 -> 52.8,kPa,,,30:46.1,->,52.8
16:30:46.203 -> 52.8,kPa,,,30:46.2,->,52.8
16:30:46.344 -> 52.8,kPa,,,30:46.3,->,52.8
16:30:46.437 -> 52.8,kPa,,,30:46.4,->,52.8
16:30:46.531 -> 52.8,kPa,,,30:46.5,->,52.8
16:30:46.625 -> 50.8,kPa,,,30:46.6,->,50.8
16:30:46.719 -> 52.8,kPa,,,30:46.7,->,52.8
16:30:46.812 -> 52.8,kPa,,,30:46.8,->,52.8
16:30:46.906 -> 50.8,kPa,,,30:46.9,->,50.8
16:30:47.031 -> 50.8,kPa,,,30:47.0,->,50.8
16:30:47.125 -> 48.9,kPa,,,30:47.1,->,48.9
16:30:47.219 -> 48.9,kPa,,,30:47.2,->,48.9
16:30:47.313 -> 50.8,kPa,,,30:47.3,->,50.8
16:30:47.454 -> 50.8,kPa,,,30:47.5,->,50.8
16:30:47.500 -> 50.8,kPa,,,30:47.5,->,50.8
16:30:47.641 -> 50.8,kPa,,,30:47.6,->,50.8
16:30:47.735 -> 48.9,kPa,,,30:47.7,->,48.9
16:30:47.829 -> 50.8,kPa,,,30:47.8,->,50.8
16:30:47.938 -> 50.8,kPa,,,30:47.9,->,50.8
16:30:48.016 -> 50.8,kPa,,,30:48.0,->,50.8
16:30:48.157 -> 50.8,kPa,,,30:48.2,->,50.8
16:30:48.251 -> 50.8,kPa,,,30:48.3,->,50.8
16:30:48.345 -> 46.9,kPa,,,30:48.3,->,46.9
16:30:48.438 -> 46.9,kPa,,,30:48.4,->,46.9
16:30:48.532 -> 46.9,kPa,,,30:48.5,->,46.9
16:30:48.626 -> 46.9,kPa,,,30:48.6,->,46.9
16:30:48.720 -> 50.8,kPa,,,30:48.7,->,50.8
16:30:48.860 -> 50.8,kPa,,,30:48.9,->,50.8
16:30:48.907 -> 52.8,kPa,,,30:48.9,->,52.8
16:30:49.048 -> 50.8,kPa,,,30:49.0,->,50.8
16:30:49.142 -> 52.8,kPa,,,30:49.1,->,52.8
16:30:49.236 -> 50.8,kPa,,,30:49.2,->,50.8
16:30:49.329 -> 48.9,kPa,,,30:49.3,->,48.9
16:30:49.423 -> 48.9,kPa,,,30:49.4,->,48.9
16:30:49.517 -> 48.9,kPa,,,30:49.5,->,48.9
16:30:49.658 -> 46.9,kPa,,,30:49.7,->,46.9
16:30:49.751 -> 48.9,kPa,,,30:49.8,->,48.9
16:30:49.845 -> 48.9,kPa,,,30:49.8,->,48.9
16:30:49.939 -> 48.9,kPa,,,30:49.9,->,48.9
16:30:50.064 -> 48.9,kPa,,,30:50.1,->,48.9
16:30:50.158 -> 48.9,kPa,,,30:50.2,->,48.9
16:30:50.251 -> 48.9,kPa,,,30:50.3,->,48.9
16:30:50.345 -> 46.9,kPa,,,30:50.3,->,46.9
16:30:50.424 -> 48.9,kPa,,,30:50.4,->,48.9
16:30:50.564 -> 50.8,kPa,,,30:50.6,->,50.8
16:30:50.642 -> 48.9,kPa,,,30:50.6,->,48.9
16:30:50.768 -> 48.9,kPa,,,30:50.8,->,48.9
16:30:50.861 -> 46.9,kPa,,,30:50.9,->,46.9
16:30:50.955 -> 50.8,kPa,,,30:51.0,->,50.8
16:30:51.049 -> 50.8,kPa,,,30:51.0,->,50.8
16:30:51.143 -> 50.8,kPa,,,30:51.1,->,50.8
16:30:51.236 -> 48.9,kPa,,,30:51.2,->,48.9
16:30:51.330 -> 50.8,kPa,,,30:51.3,->,50.8
16:30:51.471 -> 50.8,kPa,,,30:51.5,->,50.8
16:30:51.565 -> 48.9,kPa,,,30:51.6,->,48.9
16:30:51.674 -> 52.8,kPa,,,30:51.7,->,52.8
16:30:51.768 -> 50.8,kPa,,,30:51.8,->,50.8
16:30:51.862 -> 50.8,kPa,,,30:51.9,->,50.8
16:30:51.972 -> 52.8,kPa,,,30:52.0,->,52.8
16:30:52.065 -> 50.8,kPa,,,30:52.1,->,50.8
16:30:52.159 -> 50.8,kPa,,,30:52.2,->,50.8
16:30:52.253 -> 50.8,kPa,,,30:52.3,->,50.8
16:30:52.347 -> 50.8,kPa,,,30:52.3,->,50.8
16:30:52.441 -> 52.8,kPa,,,30:52.4,->,52.8
16:30:52.581 -> 50.8,kPa,,,30:52.6,->,50.8
16:30:52.675 -> 50.8,kPa,,,30:52.7,->,50.8
16:30:52.769 -> 50.8,kPa,,,30:52.8,->,50.8
16:30:52.863 -> 50.8,kPa,,,30:52.9,->,50.8
16:30:52.957 -> 50.8,kPa,,,30:53.0,->,50.8
16:30:53.050 -> 52.8,kPa,,,30:53.1,->,52.8
16:30:53.145 -> 52.8,kPa,,,30:53.1,->,52.8
16:30:53.285 -> 50.8,kPa,,,30:53.3,->,50.8
16:30:53.379 -> 50.8,kPa,,,30:53.4,->,50.8
16:30:53.473 -> 50.8,kPa,,,30:53.5,->,50.8
16:30:53.567 -> 50.8,kPa,,,30:53.6,->,50.8
16:30:53.660 -> 48.9,kPa,,,30:53.7,->,48.9
16:30:53.754 -> 46.9,kPa,,,30:53.8,->,46.9
16:30:53.848 -> 46.9,kPa,,,30:53.8,->,46.9
16:30:53.989 -> 45.0,kPa,,,30:54.0,->,45
16:30:54.082 -> 45.0,kPa,,,30:54.1,->,45
16:30:54.176 -> 45.0,kPa,,,30:54.2,->,45
16:30:54.270 -> 45.0,kPa,,,30:54.3,->,45
16:30:54.364 -> 43.0,kPa,,,30:54.4,->,43
16:30:54.457 -> 46.9,kPa,,,30:54.5,->,46.9
16:30:54.551 -> 46.9,kPa,,,30:54.6,->,46.9
16:30:54.692 -> 48.9,kPa,,,30:54.7,->,48.9
16:30:54.786 -> 48.9,kPa,,,30:54.8,->,48.9
16:30:54.879 -> 50.8,kPa,,,30:54.9,->,50.8
16:30:54.973 -> 52.8,kPa,,,30:55.0,->,52.8
16:30:55.082 -> 50.8,kPa,,,30:55.1,->,50.8
16:30:55.176 -> 52.8,kPa,,,30:55.2,->,52.8
16:30:55.270 -> 52.8,kPa,,,30:55.3,->,52.8
16:30:55.364 -> 52.8,kPa,,,30:55.4,->,52.8
16:30:55.458 -> 50.8,kPa,,,30:55.5,->,50.8
16:30:55.598 -> 48.9,kPa,,,30:55.6,->,48.9
16:30:55.692 -> 46.9,kPa,,,30:55.7,->,46.9
16:30:55.786 -> 46.9,kPa,,,30:55.8,->,46.9
16:30:55.880 -> 46.9,kPa,,,30:55.9,->,46.9
16:30:55.973 -> 46.9,kPa,,,30:56.0,->,46.9
16:30:56.067 -> 48.9,kPa,,,30:56.1,->,48.9
16:30:56.161 -> 46.9,kPa,,,30:56.2,->,46.9
16:30:56.302 -> 46.9,kPa,,,30:56.3,->,46.9
16:30:56.395 -> 48.9,kPa,,,30:56.4,->,48.9
16:30:56.489 -> 48.9,kPa,,,30:56.5,->,48.9
16:30:56.583 -> 50.8,kPa,,,30:56.6,->,50.8
16:30:56.677 -> 52.8,kPa,,,30:56.7,->,52.8
16:30:56.770 -> 50.8,kPa,,,30:56.8,->,50.8
16:30:56.864 -> 50.8,kPa,,,30:56.9,->,50.8
16:30:57.005 -> 48.9,kPa,,,30:57.0,->,48.9
16:30:57.099 -> 50.8,kPa,,,30:57.1,->,50.8
16:30:57.192 -> 50.8,kPa,,,30:57.2,->,50.8
16:30:57.286 -> 50.8,kPa,,,30:57.3,->,50.8
16:30:57.380 -> 50.8,kPa,,,30:57.4,->,50.8
16:30:57.474 -> 50.8,kPa,,,30:57.5,->,50.8
16:30:57.568 -> 52.8,kPa,,,30:57.6,->,52.8
16:30:57.708 -> 54.7,kPa,,,30:57.7,->,54.7
16:30:57.802 -> 54.7,kPa,,,30:57.8,->,54.7
16:30:57.896 -> 52.8,kPa,,,30:57.9,->,52.8
16:30:57.990 -> 52.8,kPa,,,30:58.0,->,52.8
16:30:58.099 -> 54.7,kPa,,,30:58.1,->,54.7
16:30:58.193 -> 52.8,kPa,,,30:58.2,->,52.8
16:30:58.286 -> 54.7,kPa,,,30:58.3,->,54.7
16:30:58.380 -> 54.7,kPa,,,30:58.4,->,54.7
16:30:58.474 -> 54.7,kPa,,,30:58.5,->,54.7
16:30:58.615 -> 54.7,kPa,,,30:58.6,->,54.7
16:30:58.709 -> 52.8,kPa,,,30:58.7,->,52.8
16:30:58.802 -> 54.7,kPa,,,30:58.8,->,54.7
16:30:58.896 -> 54.7,kPa,,,30:58.9,->,54.7
16:30:58.990 -> 52.8,kPa,,,30:59.0,->,52.8
16:30:59.084 -> 52.8,kPa,,,30:59.1,->,52.8
16:30:59.177 -> 52.8,kPa,,,30:59.2,->,52.8
16:30:59.318 -> 50.8,kPa,,,30:59.3,->,50.8
16:30:59.412 -> 50.8,kPa,,,30:59.4,->,50.8
16:30:59.506 -> 50.8,kPa,,,30:59.5,->,50.8
16:30:59.599 -> 52.8,kPa,,,30:59.6,->,52.8
16:30:59.693 -> 52.8,kPa,,,30:59.7,->,52.8
16:30:59.787 -> 50.8,kPa,,,30:59.8,->,50.8
16:30:59.881 -> 50.8,kPa,,,30:59.9,->,50.8
16:31:00.022 -> 48.9,kPa,,,31:00.0,->,48.9
16:31:00.115 -> 50.8,kPa,,,31:00.1,->,50.8
16:31:00.209 -> 50.8,kPa,,,31:00.2,->,50.8
16:31:00.303 -> 50.8,kPa,,,31:00.3,->,50.8
16:31:00.397 -> 48.9,kPa,,,31:00.4,->,48.9
16:31:00.490 -> 50.8,kPa,,,31:00.5,->,50.8
16:31:00.584 -> 50.8,kPa,,,31:00.6,->,50.8
16:31:00.725 -> 48.9,kPa,,,31:00.7,->,48.9
16:31:00.818 -> 48.9,kPa,,,31:00.8,->,48.9
16:31:00.912 -> 52.8,kPa,,,31:00.9,->,52.8
16:31:01.006 -> 50.8,kPa,,,31:01.0,->,50.8
16:31:01.115 -> 50.8,kPa,,,31:01.1,->,50.8
16:31:01.209 -> 50.8,kPa,,,31:01.2,->,50.8
16:31:01.303 -> 52.8,kPa,,,31:01.3,->,52.8
16:31:01.397 -> 50.8,kPa,,,31:01.4,->,50.8
16:31:01.491 -> 52.8,kPa,,,31:01.5,->,52.8
16:31:01.631 -> 50.8,kPa,,,31:01.6,->,50.8
16:31:01.725 -> 50.8,kPa,,,31:01.7,->,50.8
16:31:01.819 -> 50.8,kPa,,,31:01.8,->,50.8
16:31:01.913 -> 52.8,kPa,,,31:01.9,->,52.8
16:31:02.006 -> 52.8,kPa,,,31:02.0,->,52.8
16:31:02.100 -> 52.8,kPa,,,31:02.1,->,52.8
16:31:02.194 -> 52.8,kPa,,,31:02.2,->,52.8
16:31:02.288 -> 52.8,kPa,,,31:02.3,->,52.8
16:31:02.429 -> 54.7,kPa,,,31:02.4,->,54.7
16:31:02.554 -> 52.8,kPa,,,31:02.6,->,52.8
16:31:02.601 -> 52.8,kPa,,,31:02.6,->,52.8
16:31:02.694 -> 52.8,kPa,,,31:02.7,->,52.8
16:31:02.835 -> 52.8,kPa,,,31:02.8,->,52.8
16:31:02.928 -> 54.7,kPa,,,31:02.9,->,54.7
16:31:03.022 -> 54.7,kPa,,,31:03.0,->,54.7
16:31:03.116 -> 52.8,kPa,,,31:03.1,->,52.8
16:31:03.210 -> 52.8,kPa,,,31:03.2,->,52.8
16:31:03.303 -> 50.8,kPa,,,31:03.3,->,50.8
16:31:03.397 -> 50.8,kPa,,,31:03.4,->,50.8
16:31:03.538 -> 50.8,kPa,,,31:03.5,->,50.8
16:31:03.631 -> 48.9,kPa,,,31:03.6,->,48.9
16:31:03.725 -> 48.9,kPa,,,31:03.7,->,48.9
16:31:03.819 -> 46.9,kPa,,,31:03.8,->,46.9
16:31:03.913 -> 45.0,kPa,,,31:03.9,->,45
16:31:04.007 -> 46.9,kPa,,,31:04.0,->,46.9
16:31:04.101 -> 48.9,kPa,,,31:04.1,->,48.9
16:31:04.242 -> 46.9,kPa,,,31:04.2,->,46.9
16:31:04.335 -> 46.9,kPa,,,31:04.3,->,46.9
16:31:04.429 -> 45.0,kPa,,,31:04.4,->,45
16:31:04.523 -> 45.0,kPa,,,31:04.5,->,45
16:31:04.617 -> 45.0,kPa,,,31:04.6,->,45
16:31:04.710 -> 46.9,kPa,,,31:04.7,->,46.9
16:31:04.851 -> 45.0,kPa,,,31:04.9,->,45
16:31:04.945 -> 45.0,kPa,,,31:04.9,->,45
16:31:05.038 -> 43.0,kPa,,,31:05.0,->,43
16:31:05.132 -> 45.0,kPa,,,31:05.1,->,45
16:31:05.226 -> 46.9,kPa,,,31:05.2,->,46.9
16:31:05.320 -> 46.9,kPa,,,31:05.3,->,46.9
16:31:05.414 -> 46.9,kPa,,,31:05.4,->,46.9
16:31:05.555 -> 50.8,kPa,,,31:05.6,->,50.8
16:31:05.648 -> 52.8,kPa,,,31:05.6,->,52.8
16:31:05.742 -> 52.8,kPa,,,31:05.7,->,52.8
16:31:05.836 -> 52.8,kPa,,,31:05.8,->,52.8
16:31:05.930 -> 50.8,kPa,,,31:05.9,->,50.8
16:31:06.023 -> 52.8,kPa,,,31:06.0,->,52.8
16:31:06.133 -> 52.8,kPa,,,31:06.1,->,52.8
16:31:06.227 -> 52.8,kPa,,,31:06.2,->,52.8
16:31:06.320 -> 52.8,kPa,,,31:06.3,->,52.8
16:31:06.461 -> 52.8,kPa,,,31:06.5,->,52.8
16:31:06.555 -> 50.8,kPa,,,31:06.6,->,50.8
16:31:06.648 -> 48.9,kPa,,,31:06.6,->,48.9
16:31:06.742 -> 48.9,kPa,,,31:06.7,->,48.9
16:31:06.837 -> 48.9,kPa,,,31:06.8,->,48.9
16:31:06.930 -> 48.9,kPa,,,31:06.9,->,48.9
16:31:07.024 -> 46.9,kPa,,,31:07.0,->,46.9
16:31:07.165 -> 46.9,kPa,,,31:07.2,->,46.9
16:31:07.258 -> 45.0,kPa,,,31:07.3,->,45
16:31:07.321 -> 45.0,kPa,,,31:07.3,->,45
16:31:07.462 -> 45.0,kPa,,,31:07.5,->,45
16:31:07.556 -> 46.9,kPa,,,31:07.6,->,46.9
16:31:07.650 -> 46.9,kPa,,,31:07.7,->,46.9
16:31:07.744 -> 46.9,kPa,,,31:07.7,->,46.9
16:31:07.837 -> 43.0,kPa,,,31:07.8,->,43
16:31:07.931 -> 45.0,kPa,,,31:07.9,->,45
16:31:08.025 -> 43.0,kPa,,,31:08.0,->,43
16:31:08.166 -> 45.0,kPa,,,31:08.2,->,45
16:31:08.260 -> 43.0,kPa,,,31:08.3,->,43
16:31:08.354 -> 41.0,kPa,,,31:08.4,->,41
16:31:08.447 -> 43.0,kPa,,,31:08.4,->,43
16:31:08.541 -> 43.0,kPa,,,31:08.5,->,43
16:31:08.635 -> 43.0,kPa,,,31:08.6,->,43
16:31:08.729 -> 45.0,kPa,,,31:08.7,->,45
16:31:08.870 -> 45.0,kPa,,,31:08.9,->,45
16:31:08.963 -> 45.0,kPa,,,31:09.0,->,45
16:31:09.057 -> 46.9,kPa,,,31:09.1,->,46.9
16:31:09.151 -> 46.9,kPa,,,31:09.2,->,46.9
16:31:09.245 -> 46.9,kPa,,,31:09.2,->,46.9
16:31:09.338 -> 48.9,kPa,,,31:09.3,->,48.9
16:31:09.463 -> 50.8,kPa,,,31:09.5,->,50.8
16:31:09.558 -> 50.8,kPa,,,31:09.6,->,50.8
16:31:09.651 -> 50.8,kPa,,,31:09.7,->,50.8
16:31:09.745 -> 50.8,kPa,,,31:09.7,->,50.8
16:31:09.839 -> 52.8,kPa,,,31:09.8,->,52.8
16:31:09.979 -> 50.8,kPa,,,31:10.0,->,50.8
16:31:10.073 -> 52.8,kPa,,,31:10.1,->,52.8
16:31:10.167 -> 52.8,kPa,,,31:10.2,->,52.8
16:31:10.261 -> 54.7,kPa,,,31:10.3,->,54.7
16:31:10.354 -> 52.8,kPa,,,31:10.4,->,52.8
16:31:10.448 -> 52.8,kPa,,,31:10.4,->,52.8
16:31:10.542 -> 52.8,kPa,,,31:10.5,->,52.8
16:31:10.682 -> 54.7,kPa,,,31:10.7,->,54.7
16:31:10.776 -> 52.8,kPa,,,31:10.8,->,52.8
16:31:10.870 -> 52.8,kPa,,,31:10.9,->,52.8
16:31:10.964 -> 54.7,kPa,,,31:11.0,->,54.7
16:31:11.058 -> 54.7,kPa,,,31:11.1,->,54.7
16:31:11.167 -> 54.7,kPa,,,31:11.2,->,54.7
16:31:11.261 -> 52.8,kPa,,,31:11.3,->,52.8
16:31:11.355 -> 54.7,kPa,,,31:11.4,->,54.7
16:31:11.449 -> 52.8,kPa,,,31:11.4,->,52.8
16:31:11.589 -> 52.8,kPa,,,31:11.6,->,52.8
16:31:11.699 -> 52.8,kPa,,,31:11.7,->,52.8
16:31:11.746 -> 54.7,kPa,,,31:11.7,->,54.7
16:31:11.886 -> 50.8,kPa,,,31:11.9,->,50.8
16:31:11.964 -> 50.8,kPa,,,31:12.0,->,50.8
16:31:12.058 -> 50.8,kPa,,,31:12.1,->,50.8
16:31:12.152 -> 50.8,kPa,,,31:12.2,->,50.8
16:31:12.293 -> 52.8,kPa,,,31:12.3,->,52.8
16:31:12.387 -> 52.8,kPa,,,31:12.4,->,52.8
16:31:12.481 -> 50.8,kPa,,,31:12.5,->,50.8
16:31:12.575 -> 50.8,kPa,,,31:12.6,->,50.8
16:31:12.669 -> 50.8,kPa,,,31:12.7,->,50.8
16:31:12.763 -> 50.8,kPa,,,31:12.8,->,50.8
16:31:12.856 -> 50.8,kPa,,,31:12.9,->,50.8
16:31:12.997 -> 50.8,kPa,,,31:13.0,->,50.8
16:31:13.091 -> 50.8,kPa,,,31:13.1,->,50.8
16:31:13.185 -> 50.8,kPa,,,31:13.2,->,50.8
16:31:13.294 -> 48.9,kPa,,,31:13.3,->,48.9
16:31:13.388 -> 48.9,kPa,,,31:13.4,->,48.9
16:31:13.481 -> 48.9,kPa,,,31:13.5,->,48.9
16:31:13.575 -> 50.8,kPa,,,31:13.6,->,50.8
16:31:13.670 -> 48.9,kPa,,,31:13.7,->,48.9
16:31:13.763 -> 48.9,kPa,,,31:13.8,->,48.9
16:31:13.857 -> 48.9,kPa,,,31:13.9,->,48.9
16:31:13.998 -> 50.8,kPa,,,31:14.0,->,50.8
16:31:14.107 -> 48.9,kPa,,,31:14.1,->,48.9
16:31:14.201 -> 50.8,kPa,,,31:14.2,->,50.8
16:31:14.295 -> 50.8,kPa,,,31:14.3,->,50.8
16:31:14.388 -> 54.7,kPa,,,31:14.4,->,54.7
16:31:14.482 -> 52.8,kPa,,,31:14.5,->,52.8
16:31:14.576 -> 52.8,kPa,,,31:14.6,->,52.8
16:31:14.670 -> 50.8,kPa,,,31:14.7,->,50.8
16:31:14.779 -> 54.7,kPa,,,31:14.8,->,54.7
16:31:14.873 -> 52.8,kPa,,,31:14.9,->,52.8
16:31:14.967 -> 50.8,kPa,,,31:15.0,->,50.8
16:31:15.061 -> 52.8,kPa,,,31:15.1,->,52.8
16:31:15.201 -> 52.8,kPa,,,31:15.2,->,52.8
16:31:15.295 -> 52.8,kPa,,,31:15.3,->,52.8
16:31:15.389 -> 52.8,kPa,,,31:15.4,->,52.8
16:31:15.483 -> 52.8,kPa,,,31:15.5,->,52.8
16:31:15.576 -> 54.7,kPa,,,31:15.6,->,54.7
16:31:15.670 -> 52.8,kPa,,,31:15.7,->,52.8
16:31:15.811 -> 52.8,kPa,,,31:15.8,->,52.8
16:31:15.905 -> 50.8,kPa,,,31:15.9,->,50.8
16:31:15.998 -> 52.8,kPa,,,31:16.0,->,52.8
16:31:16.092 -> 50.8,kPa,,,31:16.1,->,50.8
16:31:16.201 -> 50.8,kPa,,,31:16.2,->,50.8
16:31:16.295 -> 48.9,kPa,,,31:16.3,->,48.9
16:31:16.390 -> 50.8,kPa,,,31:16.4,->,50.8
16:31:16.483 -> 52.8,kPa,,,31:16.5,->,52.8
16:31:16.577 -> 52.8,kPa,,,31:16.6,->,52.8
16:31:16.671 -> 52.8,kPa,,,31:16.7,->,52.8
16:31:16.812 -> 52.8,kPa,,,31:16.8,->,52.8
16:31:16.905 -> 52.8,kPa,,,31:16.9,->,52.8
16:31:16.999 -> 52.8,kPa,,,31:17.0,->,52.8
16:31:17.093 -> 52.8,kPa,,,31:17.1,->,52.8
16:31:17.187 -> 54.7,kPa,,,31:17.2,->,54.7
16:31:17.280 -> 54.7,kPa,,,31:17.3,->,54.7
16:31:17.381 -> 50.8,kPa,,,31:17.4,->,50.8
16:31:17.515 -> 50.8,kPa,,,31:17.5,->,50.8
16:31:17.609 -> 52.8,kPa,,,31:17.6,->,52.8
16:31:17.704 -> 52.8,kPa,,,31:17.7,->,52.8
16:31:17.797 -> 52.8,kPa,,,31:17.8,->,52.8
16:31:17.891 -> 52.8,kPa,,,31:17.9,->,52.8
16:31:17.985 -> 52.8,kPa,,,31:18.0,->,52.8
16:31:18.125 -> 52.8,kPa,,,31:18.1,->,52.8
16:31:18.219 -> 54.7,kPa,,,31:18.2,->,54.7
16:31:18.313 -> 52.8,kPa,,,31:18.3,->,52.8
16:31:18.407 -> 56.7,kPa,,,31:18.4,->,56.7
16:31:18.500 -> 54.7,kPa,,,31:18.5,->,54.7
16:31:18.594 -> 54.7,kPa,,,31:18.6,->,54.7
16:31:18.688 -> 56.7,kPa,,,31:18.7,->,56.7
16:31:18.829 -> 54.7,kPa,,,31:18.8,->,54.7
16:31:18.938 -> 52.8,kPa,,,31:18.9,->,52.8
16:31:18.985 -> 52.8,kPa,,,31:19.0,->,52.8
16:31:19.126 -> 52.8,kPa,,,31:19.1,->,52.8
16:31:19.219 -> 52.8,kPa,,,31:19.2,->,52.8
16:31:19.313 -> 52.8,kPa,,,31:19.3,->,52.8
16:31:19.407 -> 50.8,kPa,,,31:19.4,->,50.8
16:31:19.501 -> 50.8,kPa,,,31:19.5,->,50.8
16:31:19.594 -> 50.8,kPa,,,31:19.6,->,50.8
16:31:19.736 -> 50.8,kPa,,,31:19.7,->,50.8
16:31:19.829 -> 50.8,kPa,,,31:19.8,->,50.8
16:31:19.923 -> 48.9,kPa,,,31:19.9,->,48.9
16:31:20.017 -> 50.8,kPa,,,31:20.0,->,50.8
16:31:20.111 -> 50.8,kPa,,,31:20.1,->,50.8
16:31:20.204 -> 50.8,kPa,,,31:20.2,->,50.8
16:31:20.298 -> 48.9,kPa,,,31:20.3,->,48.9
16:31:20.392 -> 50.8,kPa,,,31:20.4,->,50.8
16:31:20.533 -> 48.9,kPa,,,31:20.5,->,48.9
16:31:20.626 -> 50.8,kPa,,,31:20.6,->,50.8
16:31:20.720 -> 50.8,kPa,,,31:20.7,->,50.8
16:31:20.814 -> 48.9,kPa,,,31:20.8,->,48.9
16:31:20.923 -> 50.8,kPa,,,31:20.9,->,50.8
16:31:21.017 -> 48.9,kPa,,,31:21.0,->,48.9
16:31:21.095 -> 50.8,kPa,,,31:21.1,->,50.8
16:31:21.204 -> 48.9,kPa,,,31:21.2,->,48.9
16:31:21.298 -> 46.9,kPa,,,31:21.3,->,46.9
16:31:21.439 -> 46.9,kPa,,,31:21.4,->,46.9
16:31:21.533 -> 46.9,kPa,,,31:21.5,->,46.9
16:31:21.626 -> 46.9,kPa,,,31:21.6,->,46.9
16:31:21.720 -> 45.0,kPa,,,31:21.7,->,45
16:31:21.814 -> 45.0,kPa,,,31:21.8,->,45
16:31:21.908 -> 45.0,kPa,,,31:21.9,->,45
16:31:22.002 -> 46.9,kPa,,,31:22.0,->,46.9
16:31:22.142 -> 46.9,kPa,,,31:22.1,->,46.9
16:31:22.236 -> 46.9,kPa,,,31:22.2,->,46.9
16:31:22.330 -> 46.9,kPa,,,31:22.3,->,46.9
16:31:22.424 -> 48.9,kPa,,,31:22.4,->,48.9
16:31:22.518 -> 48.9,kPa,,,31:22.5,->,48.9
16:31:22.612 -> 48.9,kPa,,,31:22.6,->,48.9
16:31:22.705 -> 48.9,kPa,,,31:22.7,->,48.9
16:31:22.846 -> 48.9,kPa,,,31:22.8,->,48.9
16:31:22.940 -> 52.8,kPa,,,31:22.9,->,52.8
16:31:23.034 -> 50.8,kPa,,,31:23.0,->,50.8
16:31:23.127 -> 54.7,kPa,,,31:23.1,->,54.7
16:31:23.222 -> 54.7,kPa,,,31:23.2,->,54.7
16:31:23.315 -> 50.8,kPa,,,31:23.3,->,50.8
16:31:23.456 -> 50.8,kPa,,,31:23.5,->,50.8
16:31:23.550 -> 50.8,kPa,,,31:23.6,->,50.8
16:31:23.644 -> 50.8,kPa,,,31:23.6,->,50.8
16:31:23.737 -> 46.9,kPa,,,31:23.7,->,46.9
16:31:23.831 -> 45.0,kPa,,,31:23.8,->,45
16:31:23.925 -> 46.9,kPa,,,31:23.9,->,46.9
16:31:24.019 -> 48.9,kPa,,,31:24.0,->,48.9
16:31:24.159 -> 48.9,kPa,,,31:24.2,->,48.9
16:31:24.253 -> 50.8,kPa,,,31:24.3,->,50.8
16:31:24.347 -> 50.8,kPa,,,31:24.3,->,50.8
16:31:24.441 -> 48.9,kPa,,,31:24.4,->,48.9
16:31:24.535 -> 48.9,kPa,,,31:24.5,->,48.9
16:31:24.629 -> 48.9,kPa,,,31:24.6,->,48.9
16:31:24.723 -> 48.9,kPa,,,31:24.7,->,48.9
16:31:24.864 -> 48.9,kPa,,,31:24.9,->,48.9
16:31:24.957 -> 48.9,kPa,,,31:25.0,->,48.9
16:31:25.051 -> 48.9,kPa,,,31:25.1,->,48.9
16:31:25.145 -> 46.9,kPa,,,31:25.1,->,46.9
16:31:25.238 -> 46.9,kPa,,,31:25.2,->,46.9
16:31:25.332 -> 46.9,kPa,,,31:25.3,->,46.9
16:31:25.426 -> 46.9,kPa,,,31:25.4,->,46.9
16:31:25.567 -> 45.0,kPa,,,31:25.6,->,45
16:31:25.660 -> 46.9,kPa,,,31:25.7,->,46.9
16:31:25.754 -> 45.0,kPa,,,31:25.8,->,45
16:31:25.864 -> 46.9,kPa,,,31:25.9,->,46.9
16:31:25.957 -> 50.8,kPa,,,31:26.0,->,50.8
16:31:26.051 -> 48.9,kPa,,,31:26.1,->,48.9
16:31:26.145 -> 46.9,kPa,,,31:26.1,->,46.9
16:31:26.239 -> 46.9,kPa,,,31:26.2,->,46.9
16:31:26.332 -> 46.9,kPa,,,31:26.3,->,46.9
16:31:26.426 -> 45.0,kPa,,,31:26.4,->,45
16:31:26.567 -> 45.0,kPa,,,31:26.6,->,45
16:31:26.661 -> 46.9,kPa,,,31:26.7,->,46.9
16:31:26.755 -> 48.9,kPa,,,31:26.8,->,48.9
16:31:26.849 -> 48.9,kPa,,,31:26.8,->,48.9
16:31:26.942 -> 48.9,kPa,,,31:26.9,->,48.9
16:31:27.036 -> 50.8,kPa,,,31:27.0,->,50.8
16:31:27.131 -> 48.9,kPa,,,31:27.1,->,48.9
16:31:27.271 -> 48.9,kPa,,,31:27.3,->,48.9
16:31:27.365 -> 46.9,kPa,,,31:27.4,->,46.9
16:31:27.454 -> 46.9,kPa,,,31:27.5,->,46.9
16:31:27.534 -> 48.9,kPa,,,31:27.5,->,48.9
16:31:27.654 -> 48.9,kPa,,,31:27.7,->,48.9
16:31:27.734 -> 48.9,kPa,,,31:27.7,->,48.9
16:31:27.854 -> 48.9,kPa,,,31:27.9,->,48.9
16:31:27.974 -> 46.9,kPa,,,31:28.0,->,46.9
16:31:28.054 -> 48.9,kPa,,,31:28.1,->,48.9
16:31:28.175 -> 46.9,kPa,,,31:28.2,->,46.9
16:31:28.254 -> 48.9,kPa,,,31:28.3,->,48.9
16:31:28.375 -> 46.9,kPa,,,31:28.4,->,46.9
16:31:28.454 -> 46.9,kPa,,,31:28.5,->,46.9
16:31:28.575 -> 46.9,kPa,,,31:28.6,->,46.9
16:31:28.655 -> 45.0,kPa,,,31:28.7,->,45
16:31:28.776 -> 45.0,kPa,,,31:28.8,->,45
16:31:28.856 -> 45.0,kPa,,,31:28.9,->,45
16:31:28.976 -> 46.9,kPa,,,31:29.0,->,46.9
16:31:29.056 -> 43.0,kPa,,,31:29.1,->,43
16:31:29.176 -> 45.0,kPa,,,31:29.2,->,45
16:31:29.256 -> 45.0,kPa,,,31:29.3,->,45
16:31:29.376 -> 48.9,kPa,,,31:29.4,->,48.9
16:31:29.466 -> 50.8,kPa,,,31:29.5,->,50.8
16:31:29.546 -> 52.8,kPa,,,31:29.5,->,52.8
16:31:29.666 -> 52.8,kPa,,,31:29.7,->,52.8
16:31:29.746 -> 52.8,kPa,,,31:29.7,->,52.8
16:31:29.866 -> 54.7,kPa,,,31:29.9,->,54.7
16:31:29.986 -> 52.8,kPa,,,31:30.0,->,52.8
16:31:30.067 -> 52.8,kPa,,,31:30.1,->,52.8
16:31:30.149 -> 52.8,kPa,,,31:30.1,->,52.8
16:31:30.271 -> 54.7,kPa,,,31:30.3,->,54.7
16:31:30.354 -> 54.7,kPa,,,31:30.4,->,54.7
16:31:30.478 -> 52.8,kPa,,,31:30.5,->,52.8
16:31:30.558 -> 52.8,kPa,,,31:30.6,->,52.8
16:31:30.680 -> 52.8,kPa,,,31:30.7,->,52.8
16:31:30.759 -> 52.8,kPa,,,31:30.8,->,52.8
16:31:30.876 -> 50.8,kPa,,,31:30.9,->,50.8
16:31:30.958 -> 52.8,kPa,,,31:31.0,->,52.8
16:31:31.083 -> 48.9,kPa,,,31:31.1,->,48.9
16:31:31.165 -> 48.9,kPa,,,31:31.2,->,48.9
16:31:31.287 -> 48.9,kPa,,,31:31.3,->,48.9
16:31:31.367 -> 46.9,kPa,,,31:31.4,->,46.9
16:31:31.490 -> 48.9,kPa,,,31:31.5,->,48.9
16:31:31.571 -> 48.9,kPa,,,31:31.6,->,48.9
16:31:31.693 -> 48.9,kPa,,,31:31.7,->,48.9
16:31:31.774 -> 48.9,kPa,,,31:31.8,->,48.9
16:31:31.855 -> 45.0,kPa,,,31:31.9,->,45
16:31:31.974 -> 46.9,kPa,,,31:32.0,->,46.9
16:31:32.056 -> 45.0,kPa,,,31:32.1,->,45
16:31:32.179 -> 46.9,kPa,,,31:32.2,->,46.9
16:31:32.259 -> 46.9,kPa,,,31:32.3,->,46.9
16:31:32.382 -> 48.9,kPa,,,31:32.4,->,48.9
16:31:32.463 -> 48.9,kPa,,,31:32.5,->,48.9
16:31:32.576 -> 48.9,kPa,,,31:32.6,->,48.9
16:31:32.699 -> 48.9,kPa,,,31:32.7,->,48.9
16:31:32.780 -> 50.8,kPa,,,31:32.8,->,50.8
16:31:32.865 -> 48.9,kPa,,,31:32.9,->,48.9
16:31:32.984 -> 46.9,kPa,,,31:33.0,->,46.9
16:31:33.066 -> 50.8,kPa,,,31:33.1,->,50.8
16:31:33.187 -> 50.8,kPa,,,31:33.2,->,50.8
16:31:33.269 -> 50.8,kPa,,,31:33.3,->,50.8
16:31:33.390 -> 50.8,kPa,,,31:33.4,->,50.8
16:31:33.470 -> 52.8,kPa,,,31:33.5,->,52.8
16:31:33.594 -> 48.9,kPa,,,31:33.6,->,48.9
16:31:33.676 -> 50.8,kPa,,,31:33.7,->,50.8
16:31:33.799 -> 48.9,kPa,,,31:33.8,->,48.9
16:31:33.881 -> 50.8,kPa,,,31:33.9,->,50.8
16:31:34.002 -> 48.9,kPa,,,31:34.0,->,48.9
16:31:34.082 -> 50.8,kPa,,,31:34.1,->,50.8
16:31:34.204 -> 50.8,kPa,,,31:34.2,->,50.8
16:31:34.286 -> 50.8,kPa,,,31:34.3,->,50.8
16:31:34.408 -> 50.8,kPa,,,31:34.4,->,50.8
16:31:34.488 -> 52.8,kPa,,,31:34.5,->,52.8
16:31:34.570 -> 52.8,kPa,,,31:34.6,->,52.8
16:31:34.690 -> 50.8,kPa,,,31:34.7,->,50.8
16:31:34.810 -> 52.8,kPa,,,31:34.8,->,52.8
16:31:34.900 -> 50.8,kPa,,,31:34.9,->,50.8
16:31:34.983 -> 50.8,kPa,,,31:35.0,->,50.8
16:31:35.077 -> 50.8,kPa,,,31:35.1,->,50.8
16:31:35.202 -> 48.9,kPa,,,31:35.2,->,48.9
16:31:35.311 -> 50.8,kPa,,,31:35.3,->,50.8
16:31:35.384 -> 50.8,kPa,,,31:35.4,->,50.8
16:31:35.515 -> 48.9,kPa,,,31:35.5,->,48.9
16:31:35.608 -> 50.8,kPa,,,31:35.6,->,50.8
16:31:35.702 -> 50.8,kPa,,,31:35.7,->,50.8
16:31:35.796 -> 50.8,kPa,,,31:35.8,->,50.8
16:31:35.890 -> 48.9,kPa,,,31:35.9,->,48.9
16:31:35.984 -> 50.8,kPa,,,31:36.0,->,50.8
16:31:36.077 -> 48.9,kPa,,,31:36.1,->,48.9
16:31:36.218 -> 50.8,kPa,,,31:36.2,->,50.8
16:31:36.312 -> 48.9,kPa,,,31:36.3,->,48.9
16:31:36.405 -> 50.8,kPa,,,31:36.4,->,50.8
16:31:36.499 -> 50.8,kPa,,,31:36.5,->,50.8
16:31:36.624 -> 48.9,kPa,,,31:36.6,->,48.9
16:31:36.687 -> 46.9,kPa,,,31:36.7,->,46.9
16:31:36.828 -> 48.9,kPa,,,31:36.8,->,48.9
16:31:36.922 -> 48.9,kPa,,,31:36.9,->,48.9
16:31:37.015 -> 50.8,kPa,,,31:37.0,->,50.8
16:31:37.109 -> 48.9,kPa,,,31:37.1,->,48.9
16:31:37.187 -> 46.9,kPa,,,31:37.2,->,46.9
16:31:37.328 -> 46.9,kPa,,,31:37.3,->,46.9
16:31:37.422 -> 46.9,kPa,,,31:37.4,->,46.9
16:31:37.516 -> 48.9,kPa,,,31:37.5,->,48.9
16:31:37.610 -> 48.9,kPa,,,31:37.6,->,48.9
16:31:37.704 -> 48.9,kPa,,,31:37.7,->,48.9
16:31:37.797 -> 50.8,kPa,,,31:37.8,->,50.8
16:31:37.891 -> 48.9,kPa,,,31:37.9,->,48.9
16:31:37.985 -> 48.9,kPa,,,31:38.0,->,48.9
16:31:38.125 -> 46.9,kPa,,,31:38.1,->,46.9
16:31:38.220 -> 48.9,kPa,,,31:38.2,->,48.9
16:31:38.314 -> 48.9,kPa,,,31:38.3,->,48.9
16:31:38.407 -> 46.9,kPa,,,31:38.4,->,46.9
16:31:38.501 -> 48.9,kPa,,,31:38.5,->,48.9
16:31:38.595 -> 46.9,kPa,,,31:38.6,->,46.9
16:31:38.736 -> 48.9,kPa,,,31:38.7,->,48.9
16:31:38.829 -> 48.9,kPa,,,31:38.8,->,48.9
16:31:38.923 -> 50.8,kPa,,,31:38.9,->,50.8
16:31:39.017 -> 50.8,kPa,,,31:39.0,->,50.8
16:31:39.111 -> 52.8,kPa,,,31:39.1,->,52.8
16:31:39.204 -> 50.8,kPa,,,31:39.2,->,50.8
16:31:39.298 -> 50.8,kPa,,,31:39.3,->,50.8
16:31:39.439 -> 48.9,kPa,,,31:39.4,->,48.9
16:31:39.533 -> 46.9,kPa,,,31:39.5,->,46.9
16:31:39.627 -> 46.9,kPa,,,31:39.6,->,46.9
16:31:39.720 -> 46.9,kPa,,,31:39.7,->,46.9
16:31:39.814 -> 46.9,kPa,,,31:39.8,->,46.9
16:31:39.908 -> 46.9,kPa,,,31:39.9,->,46.9
16:31:40.002 -> 45.0,kPa,,,31:40.0,->,45
16:31:40.142 -> 45.0,kPa,,,31:40.1,->,45
16:31:40.236 -> 45.0,kPa,,,31:40.2,->,45
16:31:40.330 -> 46.9,kPa,,,31:40.3,->,46.9
16:31:40.424 -> 46.9,kPa,,,31:40.4,->,46.9
16:31:40.533 -> 46.9,kPa,,,31:40.5,->,46.9
16:31:40.627 -> 48.9,kPa,,,31:40.6,->,48.9
16:31:40.720 -> 50.8,kPa,,,31:40.7,->,50.8
16:31:40.814 -> 50.8,kPa,,,31:40.8,->,50.8
16:31:40.909 -> 50.8,kPa,,,31:40.9,->,50.8
16:31:41.049 -> 48.9,kPa,,,31:41.0,->,48.9
16:31:41.143 -> 48.9,kPa,,,31:41.1,->,48.9
16:31:41.237 -> 46.9,kPa,,,31:41.2,->,46.9
16:31:41.331 -> 46.9,kPa,,,31:41.3,->,46.9
16:31:41.424 -> 46.9,kPa,,,31:41.4,->,46.9
16:31:41.518 -> 46.9,kPa,,,31:41.5,->,46.9
16:31:41.612 -> 48.9,kPa,,,31:41.6,->,48.9
16:31:41.753 -> 48.9,kPa,,,31:41.8,->,48.9
16:31:41.846 -> 48.9,kPa,,,31:41.8,->,48.9
16:31:41.941 -> 48.9,kPa,,,31:41.9,->,48.9
16:31:42.035 -> 50.8,kPa,,,31:42.0,->,50.8
16:31:42.128 -> 52.8,kPa,,,31:42.1,->,52.8
16:31:42.222 -> 50.8,kPa,,,31:42.2,->,50.8
16:31:42.316 -> 50.8,kPa,,,31:42.3,->,50.8
16:31:42.488 -> 50.8,kPa,,,31:42.5,->,50.8
16:31:42.535 -> 50.8,kPa,,,31:42.5,->,50.8
16:31:42.629 -> 50.8,kPa,,,31:42.6,->,50.8
16:31:42.723 -> 52.8,kPa,,,31:42.7,->,52.8
16:31:42.817 -> 50.8,kPa,,,31:42.8,->,50.8
16:31:42.957 -> 52.8,kPa,,,31:43.0,->,52.8
16:31:43.051 -> 52.8,kPa,,,31:43.1,->,52.8
16:31:43.145 -> 54.7,kPa,,,31:43.1,->,54.7
16:31:43.239 -> 52.8,kPa,,,31:43.2,->,52.8
16:31:43.333 -> 52.8,kPa,,,31:43.3,->,52.8
16:31:43.427 -> 52.8,kPa,,,31:43.4,->,52.8
16:31:43.521 -> 52.8,kPa,,,31:43.5,->,52.8
16:31:43.662 -> 52.8,kPa,,,31:43.7,->,52.8
16:31:43.756 -> 50.8,kPa,,,31:43.8,->,50.8
16:31:43.849 -> 50.8,kPa,,,31:43.8,->,50.8
16:31:43.943 -> 50.8,kPa,,,31:43.9,->,50.8
16:31:44.037 -> 48.9,kPa,,,31:44.0,->,48.9
16:31:44.131 -> 46.9,kPa,,,31:44.1,->,46.9
16:31:44.224 -> 46.9,kPa,,,31:44.2,->,46.9
16:31:44.365 -> 45.0,kPa,,,31:44.4,->,45
16:31:44.459 -> 43.0,kPa,,,31:44.5,->,43
16:31:44.553 -> 43.0,kPa,,,31:44.6,->,43
16:31:44.646 -> 43.0,kPa,,,31:44.6,->,43
16:31:44.740 -> 45.0,kPa,,,31:44.7,->,45
16:31:44.834 -> 45.0,kPa,,,31:44.8,->,45
16:31:44.975 -> 45.0,kPa,,,31:45.0,->,45
16:31:45.069 -> 45.0,kPa,,,31:45.1,->,45
16:31:45.163 -> 45.0,kPa,,,31:45.2,->,45
16:31:45.256 -> 43.0,kPa,,,31:45.3,->,43
16:31:45.350 -> 43.0,kPa,,,31:45.4,->,43
16:31:45.444 -> 45.0,kPa,,,31:45.4,->,45
16:31:45.538 -> 43.0,kPa,,,31:45.5,->,43
16:31:45.678 -> 45.0,kPa,,,31:45.7,->,45
16:31:45.772 -> 45.0,kPa,,,31:45.8,->,45
16:31:45.866 -> 46.9,kPa,,,31:45.9,->,46.9
16:31:45.960 -> 45.0,kPa,,,31:46.0,->,45
16:31:46.053 -> 45.0,kPa,,,31:46.1,->,45
16:31:46.147 -> 45.0,kPa,,,31:46.1,->,45
16:31:46.241 -> 45.0,kPa,,,31:46.2,->,45
16:31:46.382 -> 48.9,kPa,,,31:46.4,->,48.9
16:31:46.476 -> 48.9,kPa,,,31:46.5,->,48.9
16:31:46.569 -> 52.8,kPa,,,31:46.6,->,52.8
16:31:46.663 -> 54.7,kPa,,,31:46.7,->,54.7
16:31:46.757 -> 52.8,kPa,,,31:46.8,->,52.8
16:31:46.851 -> 54.7,kPa,,,31:46.9,->,54.7
16:31:46.944 -> 56.7,kPa,,,31:46.9,->,56.7
16:31:47.038 -> 56.7,kPa,,,31:47.0,->,56.7
16:31:47.179 -> 54.7,kPa,,,31:47.2,->,54.7
16:31:47.273 -> 54.7,kPa,,,31:47.3,->,54.7
16:31:47.382 -> 54.7,kPa,,,31:47.4,->,54.7
16:31:47.477 -> 54.7,kPa,,,31:47.5,->,54.7
16:31:47.570 -> 52.8,kPa,,,31:47.6,->,52.8
16:31:47.664 -> 54.7,kPa,,,31:47.7,->,54.7
16:31:47.758 -> 52.8,kPa,,,31:47.8,->,52.8
16:31:47.852 -> 54.7,kPa,,,31:47.9,->,54.7
16:31:47.945 -> 50.8,kPa,,,31:47.9,->,50.8
16:31:48.086 -> 50.8,kPa,,,31:48.1,->,50.8
16:31:48.180 -> 52.8,kPa,,,31:48.2,->,52.8
16:31:48.274 -> 52.8,kPa,,,31:48.3,->,52.8
16:31:48.367 -> 52.8,kPa,,,31:48.4,->,52.8
16:31:48.461 -> 52.8,kPa,,,31:48.5,->,52.8
16:31:48.555 -> 48.9,kPa,,,31:48.6,->,48.9
16:31:48.649 -> 50.8,kPa,,,31:48.6,->,50.8
16:31:48.789 -> 50.8,kPa,,,31:48.8,->,50.8
16:31:48.883 -> 50.8,kPa,,,31:48.9,->,50.8
16:31:48.977 -> 50.8,kPa,,,31:49.0,->,50.8
16:31:49.071 -> 50.8,kPa,,,31:49.1,->,50.8
16:31:49.165 -> 48.9,kPa,,,31:49.2,->,48.9
16:31:49.259 -> 46.9,kPa,,,31:49.3,->,46.9
16:31:49.353 -> 48.9,kPa,,,31:49.4,->,48.9
16:31:49.493 -> 46.9,kPa,,,31:49.5,->,46.9
16:31:49.587 -> 45.0,kPa,,,31:49.6,->,45
16:31:49.681 -> 48.9,kPa,,,31:49.7,->,48.9
16:31:49.775 -> 48.9,kPa,,,31:49.8,->,48.9
16:31:49.868 -> 48.9,kPa,,,31:49.9,->,48.9
16:31:49.962 -> 48.9,kPa,,,31:50.0,->,48.9
16:31:50.103 -> 48.9,kPa,,,31:50.1,->,48.9
16:31:50.196 -> 50.8,kPa,,,31:50.2,->,50.8
16:31:50.290 -> 50.8,kPa,,,31:50.3,->,50.8
16:31:50.384 -> 50.8,kPa,,,31:50.4,->,50.8
16:31:50.478 -> 50.8,kPa,,,31:50.5,->,50.8
16:31:50.572 -> 50.8,kPa,,,31:50.6,->,50.8
16:31:50.666 -> 48.9,kPa,,,31:50.7,->,48.9
16:31:50.776 -> 46.9,kPa,,,31:50.8,->,46.9
16:31:50.869 -> 48.9,kPa,,,31:50.9,->,48.9
16:31:50.963 -> 46.9,kPa,,,31:51.0,->,46.9
16:31:51.104 -> 46.9,kPa,,,31:51.1,->,46.9
16:31:51.198 -> 46.9,kPa,,,31:51.2,->,46.9
16:31:51.276 -> 46.9,kPa,,,31:51.3,->,46.9
16:31:51.369 -> 48.9,kPa,,,31:51.4,->,48.9
16:31:51.463 -> 48.9,kPa,,,31:51.5,->,48.9
16:31:51.604 -> 48.9,kPa,,,31:51.6,->,48.9
16:31:51.713 -> 48.9,kPa,,,31:51.7,->,48.9
16:31:51.807 -> 50.8,kPa,,,31:51.8,->,50.8
16:31:51.901 -> 52.8,kPa,,,31:51.9,->,52.8
16:31:51.995 -> 52.8,kPa,,,31:52.0,->,52.8
16:31:52.089 -> 50.8,kPa,,,31:52.1,->,50.8
16:31:52.182 -> 50.8,kPa,,,31:52.2,->,50.8
16:31:52.276 -> 50.8,kPa,,,31:52.3,->,50.8
16:31:52.370 -> 48.9,kPa,,,31:52.4,->,48.9
16:31:52.479 -> 50.8,kPa,,,31:52.5,->,50.8
16:31:52.620 -> 50.8,kPa,,,31:52.6,->,50.8
16:31:52.714 -> 50.8,kPa,,,31:52.7,->,50.8
16:31:52.808 -> 50.8,kPa,,,31:52.8,->,50.8
16:31:52.901 -> 50.8,kPa,,,31:52.9,->,50.8
16:31:52.995 -> 50.8,kPa,,,31:53.0,->,50.8
16:31:53.089 -> 48.9,kPa,,,31:53.1,->,48.9
16:31:53.183 -> 48.9,kPa,,,31:53.2,->,48.9
16:31:53.277 -> 50.8,kPa,,,31:53.3,->,50.8
16:31:53.418 -> 48.9,kPa,,,31:53.4,->,48.9
16:31:53.511 -> 50.8,kPa,,,31:53.5,->,50.8
16:31:53.605 -> 50.8,kPa,,,31:53.6,->,50.8
16:31:53.699 -> 50.8,kPa,,,31:53.7,->,50.8
16:31:53.793 -> 52.8,kPa,,,31:53.8,->,52.8
16:31:53.886 -> 50.8,kPa,,,31:53.9,->,50.8
16:31:53.980 -> 50.8,kPa,,,31:54.0,->,50.8
16:31:54.121 -> 50.8,kPa,,,31:54.1,->,50.8
16:31:54.215 -> 50.8,kPa,,,31:54.2,->,50.8
16:31:54.308 -> 48.9,kPa,,,31:54.3,->,48.9
16:31:54.402 -> 46.9,kPa,,,31:54.4,->,46.9
16:31:54.496 -> 45.0,kPa,,,31:54.5,->,45
16:31:54.590 -> 46.9,kPa,,,31:54.6,->,46.9
16:31:54.684 -> 46.9,kPa,,,31:54.7,->,46.9
16:31:54.825 -> 45.0,kPa,,,31:54.8,->,45
16:31:54.918 -> 48.9,kPa,,,31:54.9,->,48.9
16:31:55.012 -> 48.9,kPa,,,31:55.0,->,48.9
16:31:55.106 -> 50.8,kPa,,,31:55.1,->,50.8
16:31:55.200 -> 50.8,kPa,,,31:55.2,->,50.8
16:31:55.293 -> 50.8,kPa,,,31:55.3,->,50.8
16:31:55.387 -> 52.8,kPa,,,31:55.4,->,52.8
16:31:55.528 -> 52.8,kPa,,,31:55.5,->,52.8
16:31:55.622 -> 52.8,kPa,,,31:55.6,->,52.8
16:31:55.731 -> 52.8,kPa,,,31:55.7,->,52.8
16:31:55.825 -> 52.8,kPa,,,31:55.8,->,52.8
16:31:55.919 -> 50.8,kPa,,,31:55.9,->,50.8
16:31:56.013 -> 50.8,kPa,,,31:56.0,->,50.8
16:31:56.122 -> 48.9,kPa,,,31:56.1,->,48.9
16:31:56.216 -> 52.8,kPa,,,31:56.2,->,52.8
16:31:56.310 -> 50.8,kPa,,,31:56.3,->,50.8
16:31:56.404 -> 50.8,kPa,,,31:56.4,->,50.8
16:31:56.497 -> 50.8,kPa,,,31:56.5,->,50.8
16:31:56.638 -> 50.8,kPa,,,31:56.6,->,50.8
16:31:56.748 -> 50.8,kPa,,,31:56.7,->,50.8
16:31:56.826 -> 52.8,kPa,,,31:56.8,->,52.8
16:31:56.920 -> 50.8,kPa,,,31:56.9,->,50.8
16:31:57.014 -> 50.8,kPa,,,31:57.0,->,50.8
16:31:57.107 -> 48.9,kPa,,,31:57.1,->,48.9
16:31:57.201 -> 46.9,kPa,,,31:57.2,->,46.9
16:31:57.326 -> 46.9,kPa,,,31:57.3,->,46.9
16:31:57.405 -> 46.9,kPa,,,31:57.4,->,46.9
16:31:57.545 -> 48.9,kPa,,,31:57.5,->,48.9
16:31:57.639 -> 46.9,kPa,,,31:57.6,->,46.9
16:31:57.733 -> 46.9,kPa,,,31:57.7,->,46.9
16:31:57.811 -> 46.9,kPa,,,31:57.8,->,46.9
16:31:57.905 -> 48.9,kPa,,,31:57.9,->,48.9
16:31:57.999 -> 46.9,kPa,,,31:58.0,->,46.9
16:31:58.139 -> 46.9,kPa,,,31:58.1,->,46.9
16:31:58.233 -> 48.9,kPa,,,31:58.2,->,48.9
16:31:58.327 -> 48.9,kPa,,,31:58.3,->,48.9
16:31:58.436 -> 50.8,kPa,,,31:58.4,->,50.8
16:31:58.530 -> 50.8,kPa,,,31:58.5,->,50.8
16:31:58.624 -> 52.8,kPa,,,31:58.6,->,52.8
16:31:58.734 -> 52.8,kPa,,,31:58.7,->,52.8
16:31:58.827 -> 52.8,kPa,,,31:58.8,->,52.8
16:31:58.921 -> 50.8,kPa,,,31:58.9,->,50.8
16:31:59.015 -> 50.8,kPa,,,31:59.0,->,50.8
16:31:59.156 -> 54.7,kPa,,,31:59.2,->,54.7
16:31:59.249 -> 54.7,kPa,,,31:59.2,->,54.7
16:31:59.343 -> 52.8,kPa,,,31:59.3,->,52.8
16:31:59.437 -> 52.8,kPa,,,31:59.4,->,52.8
16:31:59.531 -> 52.8,kPa,,,31:59.5,->,52.8
16:31:59.624 -> 52.8,kPa,,,31:59.6,->,52.8
16:31:59.734 -> 50.8,kPa,,,31:59.7,->,50.8
16:31:59.827 -> 50.8,kPa,,,31:59.8,->,50.8
16:31:59.921 -> 50.8,kPa,,,31:59.9,->,50.8
16:32:00.031 -> 50.8,kPa,,,32:00.0,->,50.8
16:32:00.125 -> 48.9,kPa,,,32:00.1,->,48.9
16:32:00.219 -> 50.8,kPa,,,32:00.2,->,50.8
16:32:00.312 -> 48.9,kPa,,,32:00.3,->,48.9
16:32:00.453 -> 48.9,kPa,,,32:00.5,->,48.9
16:32:00.547 -> 48.9,kPa,,,32:00.5,->,48.9
16:32:00.640 -> 50.8,kPa,,,32:00.6,->,50.8
16:32:00.734 -> 50.8,kPa,,,32:00.7,->,50.8
16:32:00.828 -> 48.9,kPa,,,32:00.8,->,48.9
16:32:00.922 -> 50.8,kPa,,,32:00.9,->,50.8
16:32:01.062 -> 50.8,kPa,,,32:01.1,->,50.8
16:32:01.156 -> 50.8,kPa,,,32:01.2,->,50.8
16:32:01.250 -> 50.8,kPa,,,32:01.3,->,50.8
16:32:01.344 -> 50.8,kPa,,,32:01.3,->,50.8
16:32:01.438 -> 50.8,kPa,,,32:01.4,->,50.8
16:32:01.532 -> 50.8,kPa,,,32:01.5,->,50.8
16:32:01.625 -> 45.0,kPa,,,32:01.6,->,45
16:32:01.719 -> 46.9,kPa,,,32:01.7,->,46.9
16:32:01.829 -> 45.0,kPa,,,32:01.8,->,45
16:32:01.922 -> 45.0,kPa,,,32:01.9,->,45
16:32:02.063 -> 43.0,kPa,,,32:02.1,->,43
16:32:02.157 -> 45.0,kPa,,,32:02.2,->,45
16:32:02.250 -> 45.0,kPa,,,32:02.2,->,45
16:32:02.344 -> 43.0,kPa,,,32:02.3,->,43
16:32:02.438 -> 45.0,kPa,,,32:02.4,->,45
16:32:02.532 -> 46.9,kPa,,,32:02.5,->,46.9
16:32:02.673 -> 48.9,kPa,,,32:02.7,->,48.9
16:32:02.766 -> 48.9,kPa,,,32:02.8,->,48.9
16:32:02.860 -> 50.8,kPa,,,32:02.9,->,50.8
16:32:02.954 -> 52.8,kPa,,,32:03.0,->,52.8
16:32:03.048 -> 50.8,kPa,,,32:03.0,->,50.8
16:32:03.141 -> 50.8,kPa,,,32:03.1,->,50.8
16:32:03.235 -> 52.8,kPa,,,32:03.2,->,52.8
16:32:03.376 -> 52.8,kPa,,,32:03.4,->,52.8
16:32:03.438 -> 52.8,kPa,,,32:03.4,->,52.8
16:32:03.579 -> 52.8,kPa,,,32:03.6,->,52.8
16:32:03.673 -> 50.8,kPa,,,32:03.7,->,50.8
16:32:03.766 -> 50.8,kPa,,,32:03.8,->,50.8
16:32:03.860 -> 52.8,kPa,,,32:03.9,->,52.8
16:32:03.954 -> 50.8,kPa,,,32:04.0,->,50.8
16:32:04.048 -> 50.8,kPa,,,32:04.0,->,50.8
16:32:04.142 -> 48.9,kPa,,,32:04.1,->,48.9
16:32:04.282 -> 50.8,kPa,,,32:04.3,->,50.8
16:32:04.361 -> 48.9,kPa,,,32:04.4,->,48.9
16:32:04.454 -> 50.8,kPa,,,32:04.5,->,50.8
16:32:04.548 -> 50.8,kPa,,,32:04.5,->,50.8
16:32:04.642 -> 52.8,kPa,,,32:04.6,->,52.8
16:32:04.736 -> 52.8,kPa,,,32:04.7,->,52.8
16:32:04.876 -> 50.8,kPa,,,32:04.9,->,50.8
16:32:04.970 -> 50.8,kPa,,,32:05.0,->,50.8
16:32:05.064 -> 52.8,kPa,,,32:05.1,->,52.8
16:32:05.157 -> 52.8,kPa,,,32:05.2,->,52.8
16:32:05.251 -> 50.8,kPa,,,32:05.3,->,50.8
16:32:05.345 -> 50.8,kPa,,,32:05.3,->,50.8
16:32:05.456 -> 48.9,kPa,,,32:05.5,->,48.9
16:32:05.549 -> 50.8,kPa,,,32:05.5,->,50.8
16:32:05.643 -> 48.9,kPa,,,32:05.6,->,48.9
16:32:05.768 -> 48.9,kPa,,,32:05.8,->,48.9
16:32:05.862 -> 48.9,kPa,,,32:05.9,->,48.9
16:32:05.956 -> 46.9,kPa,,,32:06.0,->,46.9
16:32:06.049 -> 46.9,kPa,,,32:06.0,->,46.9
16:32:06.143 -> 48.9,kPa,,,32:06.1,->,48.9
16:32:06.284 -> 48.9,kPa,,,32:06.3,->,48.9
16:32:06.377 -> 50.8,kPa,,,32:06.4,->,50.8
16:32:06.471 -> 52.8,kPa,,,32:06.5,->,52.8
16:32:06.581 -> 52.8,kPa,,,32:06.6,->,52.8
16:32:06.674 -> 50.8,kPa,,,32:06.7,->,50.8
16:32:06.768 -> 52.8,kPa,,,32:06.8,->,52.8
16:32:06.862 -> 50.8,kPa,,,32:06.9,->,50.8
16:32:06.956 -> 50.8,kPa,,,32:07.0,->,50.8
16:32:07.050 -> 50.8,kPa,,,32:07.1,->,50.8
16:32:07.190 -> 52.8,kPa,,,32:07.2,->,52.8
16:32:07.284 -> 52.8,kPa,,,32:07.3,->,52.8
16:32:07.378 -> 52.8,kPa,,,32:07.4,->,52.8
16:32:07.456 -> 52.8,kPa,,,32:07.5,->,52.8
16:32:07.597 -> 52.8,kPa,,,32:07.6,->,52.8
16:32:07.691 -> 52.8,kPa,,,32:07.7,->,52.8
16:32:07.784 -> 52.8,kPa,,,32:07.8,->,52.8
16:32:07.878 -> 52.8,kPa,,,32:07.9,->,52.8
16:32:07.972 -> 52.8,kPa,,,32:08.0,->,52.8
16:32:08.066 -> 50.8,kPa,,,32:08.1,->,50.8
16:32:08.160 -> 50.8,kPa,,,32:08.2,->,50.8
16:32:08.300 -> 52.8,kPa,,,32:08.3,->,52.8
16:32:08.394 -> 52.8,kPa,,,32:08.4,->,52.8
16:32:08.488 -> 50.8,kPa,,,32:08.5,->,50.8
16:32:08.582 -> 50.8,kPa,,,32:08.6,->,50.8
16:32:08.675 -> 50.8,kPa,,,32:08.7,->,50.8
16:32:08.769 -> 52.8,kPa,,,32:08.8,->,52.8
16:32:08.863 -> 52.8,kPa,,,32:08.9,->,52.8
16:32:09.004 -> 52.8,kPa,,,32:09.0,->,52.8
16:32:09.097 -> 50.8,kPa,,,32:09.1,->,50.8
16:32:09.191 -> 50.8,kPa,,,32:09.2,->,50.8
16:32:09.285 -> 50.8,kPa,,,32:09.3,->,50.8
16:32:09.394 -> 50.8,kPa,,,32:09.4,->,50.8
16:32:09.472 -> 50.8,kPa,,,32:09.5,->,50.8
16:32:09.582 -> 50.8,kPa,,,32:09.6,->,50.8
16:32:09.676 -> 48.9,kPa,,,32:09.7,->,48.9
16:32:09.770 -> 45.0,kPa,,,32:09.8,->,45
16:32:09.910 -> 45.0,kPa,,,32:09.9,->,45
16:32:10.004 -> 43.0,kPa,,,32:10.0,->,43
16:32:10.098 -> 45.0,kPa,,,32:10.1,->,45
16:32:10.192 -> 45.0,kPa,,,32:10.2,->,45
16:32:10.285 -> 46.9,kPa,,,32:10.3,->,46.9
16:32:10.379 -> 48.9,kPa,,,32:10.4,->,48.9
16:32:10.473 -> 50.8,kPa,,,32:10.5,->,50.8
16:32:10.567 -> 50.8,kPa,,,32:10.6,->,50.8
16:32:10.707 -> 52.8,kPa,,,32:10.7,->,52.8
16:32:10.801 -> 50.8,kPa,,,32:10.8,->,50.8
16:32:10.895 -> 50.8,kPa,,,32:10.9,->,50.8
16:32:10.989 -> 50.8,kPa,,,32:11.0,->,50.8
16:32:11.082 -> 52.8,kPa,,,32:11.1,->,52.8
16:32:11.176 -> 50.8,kPa,,,32:11.2,->,50.8
16:32:11.285 -> 50.8,kPa,,,32:11.3,->,50.8
16:32:11.379 -> 52.8,kPa,,,32:11.4,->,52.8
16:32:11.488 -> 52.8,kPa,,,32:11.5,->,52.8
16:32:11.614 -> 52.8,kPa,,,32:11.6,->,52.8
16:32:11.707 -> 50.8,kPa,,,32:11.7,->,50.8
16:32:11.801 -> 50.8,kPa,,,32:11.8,->,50.8
16:32:11.895 -> 52.8,kPa,,,32:11.9,->,52.8
16:32:11.989 -> 50.8,kPa,,,32:12.0,->,50.8
16:32:12.098 -> 48.9,kPa,,,32:12.1,->,48.9
16:32:12.192 -> 48.9,kPa,,,32:12.2,->,48.9
16:32:12.286 -> 46.9,kPa,,,32:12.3,->,46.9
16:32:12.380 -> 46.9,kPa,,,32:12.4,->,46.9
16:32:12.520 -> 50.8,kPa,,,32:12.5,->,50.8
16:32:12.615 -> 52.8,kPa,,,32:12.6,->,52.8
16:32:12.708 -> 52.8,kPa,,,32:12.7,->,52.8
16:32:12.802 -> 50.8,kPa,,,32:12.8,->,50.8
16:32:12.896 -> 50.8,kPa,,,32:12.9,->,50.8
16:32:12.990 -> 50.8,kPa,,,32:13.0,->,50.8
16:32:13.083 -> 50.8,kPa,,,32:13.1,->,50.8
16:32:13.224 -> 50.8,kPa,,,32:13.2,->,50.8
16:32:13.318 -> 50.8,kPa,,,32:13.3,->,50.8
16:32:13.412 -> 48.9,kPa,,,32:13.4,->,48.9
16:32:13.552 -> 48.9,kPa,,,32:13.6,->,48.9
16:32:13.600 -> 50.8,kPa,,,32:13.6,->,50.8
16:32:13.694 -> 48.9,kPa,,,32:13.7,->,48.9
16:32:13.787 -> 50.8,kPa,,,32:13.8,->,50.8
16:32:13.928 -> 50.8,kPa,,,32:13.9,->,50.8
16:32:14.022 -> 50.8,kPa,,,32:14.0,->,50.8
16:32:14.116 -> 50.8,kPa,,,32:14.1,->,50.8
16:32:14.209 -> 48.9,kPa,,,32:14.2,->,48.9
16:32:14.303 -> 48.9,kPa,,,32:14.3,->,48.9
16:32:14.397 -> 48.9,kPa,,,32:14.4,->,48.9
16:32:14.506 -> 48.9,kPa,,,32:14.5,->,48.9
16:32:14.631 -> 52.8,kPa,,,32:14.6,->,52.8
16:32:14.725 -> 50.8,kPa,,,32:14.7,->,50.8
16:32:14.834 -> 54.7,kPa,,,32:14.8,->,54.7
16:32:14.928 -> 54.7,kPa,,,32:14.9,->,54.7
16:32:15.022 -> 52.8,kPa,,,32:15.0,->,52.8
16:32:15.116 -> 52.8,kPa,,,32:15.1,->,52.8
16:32:15.210 -> 52.8,kPa,,,32:15.2,->,52.8
16:32:15.304 -> 52.8,kPa,,,32:15.3,->,52.8
16:32:15.397 -> 54.7,kPa,,,32:15.4,->,54.7
16:32:15.507 -> 52.8,kPa,,,32:15.5,->,52.8
16:32:15.632 -> 52.8,kPa,,,32:15.6,->,52.8
16:32:15.726 -> 52.8,kPa,,,32:15.7,->,52.8
16:32:15.819 -> 52.8,kPa,,,32:15.8,->,52.8
16:32:15.913 -> 52.8,kPa,,,32:15.9,->,52.8
16:32:16.022 -> 52.8,kPa,,,32:16.0,->,52.8
16:32:16.116 -> 50.8,kPa,,,32:16.1,->,50.8
16:32:16.210 -> 52.8,kPa,,,32:16.2,->,52.8
16:32:16.304 -> 50.8,kPa,,,32:16.3,->,50.8
16:32:16.398 -> 50.8,kPa,,,32:16.4,->,50.8
16:32:16.523 -> 50.8,kPa,,,32:16.5,->,50.8
16:32:16.632 -> 50.8,kPa,,,32:16.6,->,50.8
16:32:16.726 -> 50.8,kPa,,,32:16.7,->,50.8
16:32:16.820 -> 50.8,kPa,,,32:16.8,->,50.8
16:32:16.914 -> 48.9,kPa,,,32:16.9,->,48.9
16:32:17.007 -> 50.8,kPa,,,32:17.0,->,50.8
16:32:17.148 -> 50.8,kPa,,,32:17.1,->,50.8
16:32:17.226 -> 50.8,kPa,,,32:17.2,->,50.8
16:32:17.320 -> 50.8,kPa,,,32:17.3,->,50.8
16:32:17.429 -> 52.8,kPa,,,32:17.4,->,52.8
16:32:17.523 -> 52.8,kPa,,,32:17.5,->,52.8
16:32:17.617 -> 52.8,kPa,,,32:17.6,->,52.8
16:32:17.711 -> 52.8,kPa,,,32:17.7,->,52.8
16:32:17.820 -> 52.8,kPa,,,32:17.8,->,52.8
16:32:17.914 -> 50.8,kPa,,,32:17.9,->,50.8
16:32:18.055 -> 50.8,kPa,,,32:18.1,->,50.8
16:32:18.148 -> 52.8,kPa,,,32:18.1,->,52.8
16:32:18.242 -> 50.8,kPa,,,32:18.2,->,50.8
16:32:18.336 -> 52.8,kPa,,,32:18.3,->,52.8
16:32:18.430 -> 52.8,kPa,,,32:18.4,->,52.8
16:32:18.523 -> 50.8,kPa,,,32:18.5,->,50.8
16:32:18.617 -> 50.8,kPa,,,32:18.6,->,50.8
16:32:18.758 -> 50.8,kPa,,,32:18.8,->,50.8
16:32:18.852 -> 50.8,kPa,,,32:18.9,->,50.8
16:32:18.930 -> 52.8,kPa,,,32:18.9,->,52.8
16:32:19.023 -> 52.8,kPa,,,32:19.0,->,52.8
16:32:19.118 -> 50.8,kPa,,,32:19.1,->,50.8
16:32:19.258 -> 50.8,kPa,,,32:19.3,->,50.8
16:32:19.352 -> 50.8,kPa,,,32:19.4,->,50.8
16:32:19.446 -> 54.7,kPa,,,32:19.4,->,54.7
16:32:19.539 -> 52.8,kPa,,,32:19.5,->,52.8
16:32:19.633 -> 52.8,kPa,,,32:19.6,->,52.8
16:32:19.727 -> 54.7,kPa,,,32:19.7,->,54.7
16:32:19.836 -> 50.8,kPa,,,32:19.8,->,50.8
16:32:19.930 -> 54.7,kPa,,,32:19.9,->,54.7
16:32:20.024 -> 54.7,kPa,,,32:20.0,->,54.7
16:32:20.164 -> 54.7,kPa,,,32:20.2,->,54.7
16:32:20.258 -> 52.8,kPa,,,32:20.3,->,52.8
16:32:20.352 -> 52.8,kPa,,,32:20.4,->,52.8
16:32:20.478 -> 52.8,kPa,,,32:20.5,->,52.8
16:32:20.571 -> 54.7,kPa,,,32:20.6,->,54.7
16:32:20.650 -> 54.7,kPa,,,32:20.7,->,54.7
16:32:20.743 -> 52.8,kPa,,,32:20.7,->,52.8
16:32:20.837 -> 50.8,kPa,,,32:20.8,->,50.8
16:32:20.931 -> 50.8,kPa,,,32:20.9,->,50.8
16:32:21.071 -> 52.8,kPa,,,32:21.1,->,52.8
16:32:21.165 -> 50.8,kPa,,,32:21.2,->,50.8
16:32:21.259 -> 48.9,kPa,,,32:21.3,->,48.9
16:32:21.353 -> 46.9,kPa,,,32:21.4,->,46.9
16:32:21.446 -> 46.9,kPa,,,32:21.4,->,46.9
16:32:21.540 -> 45.0,kPa,,,32:21.5,->,45
16:32:21.650 -> 46.9,kPa,,,32:21.7,->,46.9
16:32:21.743 -> 48.9,kPa,,,32:21.7,->,48.9
16:32:21.837 -> 48.9,kPa,,,32:21.8,->,48.9
16:32:21.978 -> 50.8,kPa,,,32:22.0,->,50.8
16:32:22.072 -> 50.8,kPa,,,32:22.1,->,50.8
16:32:22.166 -> 52.8,kPa,,,32:22.2,->,52.8
16:32:22.259 -> 52.8,kPa,,,32:22.3,->,52.8
16:32:22.353 -> 50.8,kPa,,,32:22.4,->,50.8
16:32:22.447 -> 50.8,kPa,,,32:22.4,->,50.8
16:32:22.556 -> 50.8,kPa,,,32:22.6,->,50.8
16:32:22.666 -> 52.8,kPa,,,32:22.7,->,52.8
16:32:22.760 -> 52.8,kPa,,,32:22.8,->,52.8
16:32:22.854 -> 50.8,kPa,,,32:22.9,->,50.8
16:32:22.947 -> 50.8,kPa,,,32:22.9,->,50.8
16:32:23.057 -> 50.8,kPa,,,32:23.1,->,50.8
16:32:23.151 -> 50.8,kPa,,,32:23.2,->,50.8
16:32:23.245 -> 50.8,kPa,,,32:23.2,->,50.8
16:32:23.338 -> 50.8,kPa,,,32:23.3,->,50.8
16:32:23.495 -> 50.8,kPa,,,32:23.5,->,50.8
16:32:23.557 -> 50.8,kPa,,,32:23.6,->,50.8
16:32:23.651 -> 50.8,kPa,,,32:23.7,->,50.8
16:32:23.745 -> 52.8,kPa,,,32:23.7,->,52.8
16:32:23.885 -> 52.8,kPa,,,32:23.9,->,52.8
16:32:23.979 -> 52.8,kPa,,,32:24.0,->,52.8
16:32:24.073 -> 52.8,kPa,,,32:24.1,->,52.8
16:32:24.167 -> 52.8,kPa,,,32:24.2,->,52.8
16:32:24.260 -> 52.8,kPa,,,32:24.3,->,52.8
16:32:24.354 -> 52.8,kPa,,,32:24.4,->,52.8
16:32:24.448 -> 52.8,kPa,,,32:24.4,->,52.8
16:32:24.558 -> 52.8,kPa,,,32:24.6,->,52.8
16:32:24.683 -> 52.8,kPa,,,32:24.7,->,52.8
16:32:24.776 -> 52.8,kPa,,,32:24.8,->,52.8
16:32:24.870 -> 50.8,kPa,,,32:24.9,->,50.8
16:32:24.964 -> 50.8,kPa,,,32:25.0,->,50.8
16:32:25.058 -> 50.8,kPa,,,32:25.1,->,50.8
16:32:25.151 -> 50.8,kPa,,,32:25.2,->,50.8
16:32:25.292 -> 52.8,kPa,,,32:25.3,->,52.8
16:32:25.386 -> 50.8,kPa,,,32:25.4,->,50.8
16:32:25.511 -> 52.8,kPa,,,32:25.5,->,52.8
16:32:25.558 -> 48.9,kPa,,,32:25.6,->,48.9
16:32:25.729 -> 46.9,kPa,,,32:25.7,->,46.9
16:32:25.792 -> 45.0,kPa,,,32:25.8,->,45
16:32:25.886 -> 45.0,kPa,,,32:25.9,->,45
16:32:25.980 -> 45.0,kPa,,,32:26.0,->,45
16:32:26.073 -> 45.0,kPa,,,32:26.1,->,45
16:32:26.183 -> 45.0,kPa,,,32:26.2,->,45
16:32:26.277 -> 46.9,kPa,,,32:26.3,->,46.9
16:32:26.370 -> 45.0,kPa,,,32:26.4,->,45
16:32:26.464 -> 45.0,kPa,,,32:26.5,->,45
16:32:26.605 -> 46.9,kPa,,,32:26.6,->,46.9
16:32:26.698 -> 48.9,kPa,,,32:26.7,->,48.9
16:32:26.792 -> 50.8,kPa,,,32:26.8,->,50.8
16:32:26.886 -> 50.8,kPa,,,32:26.9,->,50.8
16:32:26.980 -> 48.9,kPa,,,32:27.0,->,48.9
16:32:27.073 -> 48.9,kPa,,,32:27.1,->,48.9
16:32:27.167 -> 50.8,kPa,,,32:27.2,->,50.8
16:32:27.308 -> 50.8,kPa,,,32:27.3,->,50.8
16:32:27.402 -> 50.8,kPa,,,32:27.4,->,50.8
16:32:27.496 -> 52.8,kPa,,,32:27.5,->,52.8
16:32:27.589 -> 50.8,kPa,,,32:27.6,->,50.8
16:32:27.684 -> 52.8,kPa,,,32:27.7,->,52.8
16:32:27.793 -> 52.8,kPa,,,32:27.8,->,52.8
16:32:27.887 -> 52.8,kPa,,,32:27.9,->,52.8
16:32:27.981 -> 52.8,kPa,,,32:28.0,->,52.8
16:32:28.074 -> 50.8,kPa,,,32:28.1,->,50.8
16:32:28.168 -> 52.8,kPa,,,32:28.2,->,52.8
16:32:28.309 -> 52.8,kPa,,,32:28.3,->,52.8
16:32:28.402 -> -1.9,kPa,,,32:28.4,->,-1.9
16:32:28.496 -> 0.0,kPa,,,32:28.5,->,0
16:32:28.590 -> 0.0,kPa,,,32:28.6,->,0
16:32:28.684 -> 0.0,kPa,,,32:28.7,->,0
16:32:28.809 -> 0.0,kPa,,,32:28.8,->,0
16:32:28.876 -> -1.9,kPa,,,32:28.9,->,-1.9
16:32:29.014 -> -1.9,kPa,,,32:29.0,->,-1.9
16:32:29.108 -> 0.0,kPa,,,32:29.1,->,0
16:32:29.202 -> -1.9,kPa,,,32:29.2,->,-1.9
16:32:29.297 -> 0.0,kPa,,,32:29.3,->,0
16:32:29.390 -> 0.0,kPa,,,32:29.4,->,0
16:32:29.484 -> 0.0,kPa,,,32:29.5,->,0
