TimeStamp,Unit,,,TimeStamp,,Values
14:19:17.298 -> 0.0,kPa,,,19:17.3,->,0
14:19:17.375 -> 0.0,kPa,,,19:17.4,->,0
14:19:17.468 -> 0.0,kPa,,,19:17.5,->,0
14:19:17.563 -> 0.0,kPa,,,19:17.6,->,0
14:19:17.704 -> 0.0,kPa,,,19:17.7,->,0
14:19:17.799 -> -1.9,kPa,,,19:17.8,->,-1.9
14:19:17.893 -> -1.9,kPa,,,19:17.9,->,-1.9
14:19:17.988 -> -1.9,kPa,,,19:18.0,->,-1.9
14:19:18.082 -> 0.0,kPa,,,19:18.1,->,0
14:19:19.689 -> 0.0,kPa,,,19:19.7,->,0
14:19:19.776 -> 0.0,kPa,,,19:19.8,->,0
14:19:19.871 -> 0.0,kPa,,,19:19.9,->,0
14:19:20.012 -> 0.0,kPa,,,19:20.0,->,0
14:19:20.106 -> 0.0,kPa,,,19:20.1,->,0
14:19:20.181 -> -1.9,kPa,,,19:20.2,->,-1.9
14:19:20.280 -> -1.9,kPa,,,19:20.3,->,-1.9
14:19:20.375 -> 0.0,kPa,,,19:20.4,->,0
14:19:20.516 -> -1.9,kPa,,,19:20.5,->,-1.9
14:19:20.610 -> -1.9,kPa,,,19:20.6,->,-1.9
14:19:20.704 -> 0.0,kPa,,,19:20.7,->,0
14:19:20.782 -> 0.0,kPa,,,19:20.8,->,0
14:19:20.916 -> 0.0,kPa,,,19:20.9,->,0
14:19:21.005 -> -1.9,kPa,,,19:21.0,->,-1.9
14:19:21.089 -> -1.9,kPa,,,19:21.1,->,-1.9
14:19:21.210 -> 0.0,kPa,,,19:21.2,->,0
14:19:21.274 -> -1.9,kPa,,,19:21.3,->,-1.9
14:19:21.417 -> 0.0,kPa,,,19:21.4,->,0
14:19:21.511 -> 0.0,kPa,,,19:21.5,->,0
14:19:21.605 -> -1.9,kPa,,,19:21.6,->,-1.9
14:19:21.702 -> 0.0,kPa,,,19:21.7,->,0
14:19:21.782 -> -1.9,kPa,,,19:21.8,->,-1.9
14:19:21.912 -> 0.0,kPa,,,19:21.9,->,0
14:19:22.007 -> -1.9,kPa,,,19:22.0,->,-1.9
14:19:22.102 -> -1.9,kPa,,,19:22.1,->,-1.9
14:19:22.198 -> -1.9,kPa,,,19:22.2,->,-1.9
14:19:22.293 -> 0.0,kPa,,,19:22.3,->,0
14:19:22.387 -> -1.9,kPa,,,19:22.4,->,-1.9
14:19:24.112 -> 0.0,kPa,,,19:24.1,->,0
14:19:24.208 -> 0.0,kPa,,,19:24.2,->,0
14:19:24.494 -> 0.0,kPa,,,19:24.5,->,0
14:19:24.638 -> -1.9,kPa,,,19:24.6,->,-1.9
14:19:24.713 -> 0.0,kPa,,,19:24.7,->,0
14:19:24.844 -> -1.9,kPa,,,19:24.8,->,-1.9
14:19:24.939 -> 0.0,kPa,,,19:24.9,->,0
14:19:25.032 -> -1.9,kPa,,,19:25.0,->,-1.9
14:19:25.127 -> -1.9,kPa,,,19:25.1,->,-1.9
14:19:25.207 -> -1.9,kPa,,,19:25.2,->,-1.9
14:19:25.307 -> 0.0,kPa,,,19:25.3,->,0
14:19:25.412 -> 0.0,kPa,,,19:25.4,->,0
14:19:25.506 -> 0.0,kPa,,,19:25.5,->,0
14:19:25.601 -> -1.9,kPa,,,19:25.6,->,-1.9
14:19:25.743 -> -1.9,kPa,,,19:25.7,->,-1.9
14:19:25.838 -> 0.0,kPa,,,19:25.8,->,0
14:19:25.932 -> -1.9,kPa,,,19:25.9,->,-1.9
14:19:26.027 -> -1.9,kPa,,,19:26.0,->,-1.9
14:19:26.121 -> 0.0,kPa,,,19:26.1,->,0
14:19:26.247 -> -1.9,kPa,,,19:26.2,->,-1.9
14:19:26.342 -> -1.9,kPa,,,19:26.3,->,-1.9
14:19:26.420 -> 0.0,kPa,,,19:26.4,->,0
14:19:26.545 -> -1.9,kPa,,,19:26.5,->,-1.9
14:19:26.640 -> 0.0,kPa,,,19:26.6,->,0
14:19:26.734 -> 37.1,kPa,,,19:26.7,->,37.1
14:19:26.829 -> 78.2,kPa,,,19:26.8,->,78.2
14:19:26.924 -> 101.6,kPa,,,19:26.9,->,101.6
14:19:27.018 -> 99.6,kPa,,,19:27.0,->,99.6
14:19:27.112 -> 101.6,kPa,,,19:27.1,->,101.6
14:19:27.255 -> 99.6,kPa,,,19:27.3,->,99.6
14:19:27.319 -> 97.7,kPa,,,19:27.3,->,97.7
14:19:27.414 -> 97.7,kPa,,,19:27.4,->,97.7
14:19:27.540 -> 97.7,kPa,,,19:27.5,->,97.7
14:19:27.618 -> 97.7,kPa,,,19:27.6,->,97.7
14:19:27.760 -> 97.7,kPa,,,19:27.8,->,97.7
14:19:27.854 -> 97.7,kPa,,,19:27.9,->,97.7
14:19:27.955 -> 97.7,kPa,,,19:28.0,->,97.7
14:19:28.044 -> 97.7,kPa,,,19:28.0,->,97.7
14:19:28.139 -> 99.6,kPa,,,19:28.1,->,99.6
14:19:28.234 -> 99.6,kPa,,,19:28.2,->,99.6
14:19:28.328 -> 99.6,kPa,,,19:28.3,->,99.6
14:19:28.423 -> 101.6,kPa,,,19:28.4,->,101.6
14:19:28.517 -> 101.6,kPa,,,19:28.5,->,101.6
14:19:28.659 -> 101.6,kPa,,,19:28.7,->,101.6
14:19:28.756 -> 101.6,kPa,,,19:28.8,->,101.6
14:19:28.850 -> 101.6,kPa,,,19:28.9,->,101.6
14:19:28.945 -> 99.6,kPa,,,19:28.9,->,99.6
14:19:29.039 -> 93.8,kPa,,,19:29.0,->,93.8
14:19:29.134 -> 86.0,kPa,,,19:29.1,->,86
14:19:29.236 -> 80.1,kPa,,,19:29.2,->,80.1
14:19:29.324 -> 74.3,kPa,,,19:29.3,->,74.3
14:19:29.434 -> 68.4,kPa,,,19:29.4,->,68.4
14:19:29.529 -> 64.5,kPa,,,19:29.5,->,64.5
14:19:29.624 -> 60.6,kPa,,,19:29.6,->,60.6
14:19:29.767 -> 54.7,kPa,,,19:29.8,->,54.7
14:19:29.862 -> 50.8,kPa,,,19:29.9,->,50.8
14:19:29.956 -> 48.9,kPa,,,19:30.0,->,48.9
14:19:30.036 -> 45.0,kPa,,,19:30.0,->,45
14:19:30.132 -> 46.9,kPa,,,19:30.1,->,46.9
14:19:30.238 -> 46.9,kPa,,,19:30.2,->,46.9
14:19:30.369 -> 48.9,kPa,,,19:30.4,->,48.9
14:19:30.433 -> 46.9,kPa,,,19:30.4,->,46.9
14:19:30.559 -> 48.9,kPa,,,19:30.6,->,48.9
14:19:30.653 -> 56.7,kPa,,,19:30.7,->,56.7
14:19:30.748 -> 64.5,kPa,,,19:30.7,->,64.5
14:19:30.842 -> 70.3,kPa,,,19:30.8,->,70.3
14:19:30.986 -> 74.3,kPa,,,19:31.0,->,74.3
14:19:31.033 -> 76.2,kPa,,,19:31.0,->,76.2
14:19:31.175 -> 82.1,kPa,,,19:31.2,->,82.1
14:19:31.269 -> 84.0,kPa,,,19:31.3,->,84
14:19:31.364 -> 82.1,kPa,,,19:31.4,->,82.1
14:19:31.459 -> 89.9,kPa,,,19:31.5,->,89.9
14:19:31.553 -> 95.7,kPa,,,19:31.6,->,95.7
14:19:31.648 -> 97.7,kPa,,,19:31.6,->,97.7
14:19:31.743 -> 97.7,kPa,,,19:31.7,->,97.7
14:19:31.837 -> 99.6,kPa,,,19:31.8,->,99.6
14:19:31.979 -> 97.7,kPa,,,19:32.0,->,97.7
14:19:32.074 -> 97.7,kPa,,,19:32.1,->,97.7
14:19:32.169 -> 99.6,kPa,,,19:32.2,->,99.6
14:19:32.265 -> 97.7,kPa,,,19:32.3,->,97.7
14:19:32.343 -> 99.6,kPa,,,19:32.3,->,99.6
14:19:32.485 -> 101.6,kPa,,,19:32.5,->,101.6
14:19:32.580 -> 99.6,kPa,,,19:32.6,->,99.6
14:19:32.675 -> 93.8,kPa,,,19:32.7,->,93.8
14:19:32.769 -> 87.9,kPa,,,19:32.8,->,87.9
14:19:32.865 -> 82.1,kPa,,,19:32.9,->,82.1
14:19:32.960 -> 74.3,kPa,,,19:33.0,->,74.3
14:19:33.071 -> 70.3,kPa,,,19:33.1,->,70.3
14:19:33.165 -> 66.4,kPa,,,19:33.2,->,66.4
14:19:33.262 -> 66.4,kPa,,,19:33.3,->,66.4
14:19:33.355 -> 70.3,kPa,,,19:33.4,->,70.3
14:19:33.450 -> 66.4,kPa,,,19:33.5,->,66.4
14:19:33.591 -> 68.4,kPa,,,19:33.6,->,68.4
14:19:33.686 -> 68.4,kPa,,,19:33.7,->,68.4
14:19:33.780 -> 68.4,kPa,,,19:33.8,->,68.4
14:19:33.875 -> 66.4,kPa,,,19:33.9,->,66.4
14:19:33.969 -> 66.4,kPa,,,19:34.0,->,66.4
14:19:34.065 -> 68.4,kPa,,,19:34.1,->,68.4
14:19:34.160 -> 68.4,kPa,,,19:34.2,->,68.4
14:19:34.254 -> 66.4,kPa,,,19:34.3,->,66.4
14:19:34.349 -> 64.5,kPa,,,19:34.3,->,64.5
14:19:34.491 -> 60.6,kPa,,,19:34.5,->,60.6
14:19:34.585 -> 58.6,kPa,,,19:34.6,->,58.6
14:19:34.680 -> 62.5,kPa,,,19:34.7,->,62.5
14:19:34.760 -> 68.4,kPa,,,19:34.8,->,68.4
14:19:34.855 -> 72.3,kPa,,,19:34.9,->,72.3
14:19:34.996 -> 80.1,kPa,,,19:35.0,->,80.1
14:19:35.091 -> 86.0,kPa,,,19:35.1,->,86
14:19:35.185 -> 89.9,kPa,,,19:35.2,->,89.9
14:19:35.292 -> 91.8,kPa,,,19:35.3,->,91.8
14:19:35.376 -> 89.9,kPa,,,19:35.4,->,89.9
14:19:35.457 -> 89.9,kPa,,,19:35.5,->,89.9
14:19:35.599 -> 93.8,kPa,,,19:35.6,->,93.8
14:19:35.693 -> 93.8,kPa,,,19:35.7,->,93.8
14:19:35.789 -> 93.8,kPa,,,19:35.8,->,93.8
14:19:35.882 -> 93.8,kPa,,,19:35.9,->,93.8
14:19:35.978 -> 95.7,kPa,,,19:36.0,->,95.7
14:19:36.056 -> 93.8,kPa,,,19:36.1,->,93.8
14:19:36.166 -> 93.8,kPa,,,19:36.2,->,93.8
14:19:36.259 -> 91.8,kPa,,,19:36.3,->,91.8
14:19:36.449 -> 93.8,kPa,,,19:36.4,->,93.8
14:19:36.494 -> 93.8,kPa,,,19:36.5,->,93.8
14:19:36.589 -> 95.7,kPa,,,19:36.6,->,95.7
14:19:36.684 -> 93.8,kPa,,,19:36.7,->,93.8
14:19:36.778 -> 91.8,kPa,,,19:36.8,->,91.8
14:19:36.871 -> 86.0,kPa,,,19:36.9,->,86
14:19:36.981 -> 82.1,kPa,,,19:37.0,->,82.1
14:19:37.074 -> 80.1,kPa,,,19:37.1,->,80.1
14:19:37.168 -> 74.3,kPa,,,19:37.2,->,74.3
14:19:37.309 -> 68.4,kPa,,,19:37.3,->,68.4
14:19:37.403 -> 62.5,kPa,,,19:37.4,->,62.5
14:19:37.497 -> 58.6,kPa,,,19:37.5,->,58.6
14:19:37.591 -> 58.6,kPa,,,19:37.6,->,58.6
14:19:37.686 -> 56.7,kPa,,,19:37.7,->,56.7
14:19:37.765 -> 52.8,kPa,,,19:37.8,->,52.8
14:19:37.905 -> 50.8,kPa,,,19:37.9,->,50.8
14:19:37.999 -> 56.7,kPa,,,19:38.0,->,56.7
14:19:38.093 -> 68.4,kPa,,,19:38.1,->,68.4
14:19:38.187 -> 78.2,kPa,,,19:38.2,->,78.2
14:19:38.280 -> 84.0,kPa,,,19:38.3,->,84
14:19:38.375 -> 87.9,kPa,,,19:38.4,->,87.9
14:19:38.516 -> 87.9,kPa,,,19:38.5,->,87.9
14:19:38.610 -> 87.9,kPa,,,19:38.6,->,87.9
14:19:38.705 -> 87.9,kPa,,,19:38.7,->,87.9
14:19:38.799 -> 89.9,kPa,,,19:38.8,->,89.9
14:19:38.892 -> 95.7,kPa,,,19:38.9,->,95.7
14:19:38.986 -> 95.7,kPa,,,19:39.0,->,95.7
14:19:39.080 -> 95.7,kPa,,,19:39.1,->,95.7
14:19:39.174 -> 95.7,kPa,,,19:39.2,->,95.7
14:19:39.314 -> 97.7,kPa,,,19:39.3,->,97.7
14:19:39.409 -> 97.7,kPa,,,19:39.4,->,97.7
14:19:39.487 -> 97.7,kPa,,,19:39.5,->,97.7
14:19:39.596 -> 97.7,kPa,,,19:39.6,->,97.7
14:19:39.691 -> 97.7,kPa,,,19:39.7,->,97.7
14:19:39.785 -> 97.7,kPa,,,19:39.8,->,97.7
14:19:39.926 -> 97.7,kPa,,,19:39.9,->,97.7
14:19:40.021 -> 93.8,kPa,,,19:40.0,->,93.8
14:19:40.117 -> 93.8,kPa,,,19:40.1,->,93.8
14:19:40.210 -> 87.9,kPa,,,19:40.2,->,87.9
14:19:40.305 -> 86.0,kPa,,,19:40.3,->,86
14:19:40.400 -> 86.0,kPa,,,19:40.4,->,86
14:19:40.495 -> 84.0,kPa,,,19:40.5,->,84
14:19:40.589 -> 80.1,kPa,,,19:40.6,->,80.1
14:19:40.684 -> 76.2,kPa,,,19:40.7,->,76.2
14:19:40.827 -> 74.3,kPa,,,19:40.8,->,74.3
14:19:40.921 -> 68.4,kPa,,,19:40.9,->,68.4
14:19:41.017 -> 64.5,kPa,,,19:41.0,->,64.5
14:19:41.112 -> 64.5,kPa,,,19:41.1,->,64.5
14:19:41.206 -> 68.4,kPa,,,19:41.2,->,68.4
14:19:41.301 -> 70.3,kPa,,,19:41.3,->,70.3
14:19:41.411 -> 70.3,kPa,,,19:41.4,->,70.3
14:19:41.522 -> 72.3,kPa,,,19:41.5,->,72.3
14:19:41.616 -> 78.2,kPa,,,19:41.6,->,78.2
14:19:41.711 -> 82.1,kPa,,,19:41.7,->,82.1
14:19:41.806 -> 86.0,kPa,,,19:41.8,->,86
14:19:41.901 -> 89.9,kPa,,,19:41.9,->,89.9
14:19:41.996 -> 91.8,kPa,,,19:42.0,->,91.8
14:19:42.139 -> 91.8,kPa,,,19:42.1,->,91.8
14:19:42.234 -> 93.8,kPa,,,19:42.2,->,93.8
14:19:42.329 -> 95.7,kPa,,,19:42.3,->,95.7
14:19:42.424 -> 97.7,kPa,,,19:42.4,->,97.7
14:19:42.518 -> 97.7,kPa,,,19:42.5,->,97.7
14:19:42.614 -> 97.7,kPa,,,19:42.6,->,97.7
14:19:42.708 -> 97.7,kPa,,,19:42.7,->,97.7
14:19:42.803 -> 95.7,kPa,,,19:42.8,->,95.7
14:19:42.897 -> 95.7,kPa,,,19:42.9,->,95.7
14:19:43.039 -> 95.7,kPa,,,19:43.0,->,95.7
14:19:43.135 -> 95.7,kPa,,,19:43.1,->,95.7
14:19:43.230 -> 95.7,kPa,,,19:43.2,->,95.7
14:19:43.325 -> 97.7,kPa,,,19:43.3,->,97.7
14:19:43.421 -> 97.7,kPa,,,19:43.4,->,97.7
14:19:43.516 -> 97.7,kPa,,,19:43.5,->,97.7
14:19:43.612 -> 95.7,kPa,,,19:43.6,->,95.7
14:19:43.752 -> 89.9,kPa,,,19:43.8,->,89.9
14:19:43.848 -> 86.0,kPa,,,19:43.8,->,86
14:19:43.911 -> 82.1,kPa,,,19:43.9,->,82.1
14:19:44.038 -> 80.1,kPa,,,19:44.0,->,80.1
14:19:44.137 -> 78.2,kPa,,,19:44.1,->,78.2
14:19:44.226 -> 74.3,kPa,,,19:44.2,->,74.3
14:19:44.321 -> 70.3,kPa,,,19:44.3,->,70.3
14:19:44.419 -> 72.3,kPa,,,19:44.4,->,72.3
14:19:44.514 -> 78.2,kPa,,,19:44.5,->,78.2
14:19:44.652 -> 87.9,kPa,,,19:44.7,->,87.9
14:19:44.752 -> 89.9,kPa,,,19:44.8,->,89.9
14:19:44.841 -> 89.9,kPa,,,19:44.8,->,89.9
14:19:44.935 -> 89.9,kPa,,,19:44.9,->,89.9
14:19:45.031 -> 89.9,kPa,,,19:45.0,->,89.9
14:19:45.127 -> 84.0,kPa,,,19:45.1,->,84
14:19:45.222 -> 80.1,kPa,,,19:45.2,->,80.1
14:19:45.333 -> 80.1,kPa,,,19:45.3,->,80.1
14:19:45.428 -> 82.1,kPa,,,19:45.4,->,82.1
14:19:45.539 -> 86.0,kPa,,,19:45.5,->,86
14:19:45.634 -> 87.9,kPa,,,19:45.6,->,87.9
14:19:45.730 -> 89.9,kPa,,,19:45.7,->,89.9
14:19:45.824 -> 91.8,kPa,,,19:45.8,->,91.8
14:19:45.919 -> 91.8,kPa,,,19:45.9,->,91.8
14:19:46.061 -> 93.8,kPa,,,19:46.1,->,93.8
14:19:46.154 -> 95.7,kPa,,,19:46.2,->,95.7
14:19:46.260 -> 97.7,kPa,,,19:46.3,->,97.7
14:19:46.359 -> 95.7,kPa,,,19:46.4,->,95.7
14:19:46.444 -> 93.8,kPa,,,19:46.4,->,93.8
14:19:46.534 -> 91.8,kPa,,,19:46.5,->,91.8
14:19:46.630 -> 89.9,kPa,,,19:46.6,->,89.9
14:19:46.725 -> 86.0,kPa,,,19:46.7,->,86
14:19:46.861 -> 86.0,kPa,,,19:46.9,->,86
14:19:46.961 -> 84.0,kPa,,,19:47.0,->,84
14:19:47.056 -> 84.0,kPa,,,19:47.1,->,84
14:19:47.151 -> 87.9,kPa,,,19:47.2,->,87.9
14:19:47.246 -> 91.8,kPa,,,19:47.2,->,91.8
14:19:47.371 -> 93.8,kPa,,,19:47.4,->,93.8
14:19:47.421 -> 89.9,kPa,,,19:47.4,->,89.9
14:19:47.563 -> 87.9,kPa,,,19:47.6,->,87.9
14:19:47.658 -> 86.0,kPa,,,19:47.7,->,86
14:19:47.769 -> 86.0,kPa,,,19:47.8,->,86
14:19:47.848 -> 89.9,kPa,,,19:47.8,->,89.9
14:19:47.926 -> 93.8,kPa,,,19:47.9,->,93.8
14:19:48.020 -> 97.7,kPa,,,19:48.0,->,97.7
14:19:48.165 -> 97.7,kPa,,,19:48.2,->,97.7
14:19:48.262 -> 97.7,kPa,,,19:48.3,->,97.7
14:19:48.355 -> 95.7,kPa,,,19:48.4,->,95.7
14:19:48.455 -> 93.8,kPa,,,19:48.5,->,93.8
14:19:48.542 -> 89.9,kPa,,,19:48.5,->,89.9
14:19:48.638 -> 86.0,kPa,,,19:48.6,->,86
14:19:48.764 -> 80.1,kPa,,,19:48.8,->,80.1
14:19:48.863 -> 76.2,kPa,,,19:48.9,->,76.2
14:19:48.953 -> 74.3,kPa,,,19:49.0,->,74.3
14:19:49.048 -> 72.3,kPa,,,19:49.0,->,72.3
14:19:49.143 -> 74.3,kPa,,,19:49.1,->,74.3
14:19:49.237 -> 76.2,kPa,,,19:49.2,->,76.2
14:19:49.364 -> 78.2,kPa,,,19:49.4,->,78.2
14:19:49.460 -> 84.0,kPa,,,19:49.5,->,84
14:19:49.540 -> 86.0,kPa,,,19:49.5,->,86
14:19:49.635 -> 89.9,kPa,,,19:49.6,->,89.9
14:19:49.777 -> 91.8,kPa,,,19:49.8,->,91.8
14:19:49.871 -> 93.8,kPa,,,19:49.9,->,93.8
14:19:49.965 -> 93.8,kPa,,,19:50.0,->,93.8
14:19:50.060 -> 93.8,kPa,,,19:50.1,->,93.8
14:19:50.150 -> 91.8,kPa,,,19:50.1,->,91.8
14:19:50.236 -> 87.9,kPa,,,19:50.2,->,87.9
14:19:50.378 -> 82.1,kPa,,,19:50.4,->,82.1
14:19:50.473 -> 76.2,kPa,,,19:50.5,->,76.2
14:19:50.604 -> 80.1,kPa,,,19:50.6,->,80.1
14:19:50.647 -> 84.0,kPa,,,19:50.6,->,84
14:19:50.759 -> 91.8,kPa,,,19:50.8,->,91.8
14:19:50.853 -> 91.8,kPa,,,19:50.9,->,91.8
14:19:50.948 -> 91.8,kPa,,,19:50.9,->,91.8
14:19:51.044 -> 93.8,kPa,,,19:51.0,->,93.8
14:19:51.140 -> 95.7,kPa,,,19:51.1,->,95.7
14:19:51.283 -> 97.7,kPa,,,19:51.3,->,97.7
14:19:51.346 -> 95.7,kPa,,,19:51.3,->,95.7
14:19:51.442 -> 95.7,kPa,,,19:51.4,->,95.7
14:19:51.583 -> 95.7,kPa,,,19:51.6,->,95.7
14:19:51.678 -> 93.8,kPa,,,19:51.7,->,93.8
14:19:51.772 -> 93.8,kPa,,,19:51.8,->,93.8
14:19:51.867 -> 89.9,kPa,,,19:51.9,->,89.9
14:19:51.962 -> 91.8,kPa,,,19:52.0,->,91.8
14:19:52.043 -> 93.8,kPa,,,19:52.0,->,93.8
14:19:52.156 -> 95.7,kPa,,,19:52.2,->,95.7
14:19:52.252 -> 97.7,kPa,,,19:52.3,->,97.7
14:19:52.394 -> 97.7,kPa,,,19:52.4,->,97.7
14:19:52.490 -> 97.7,kPa,,,19:52.5,->,97.7
14:19:52.584 -> 97.7,kPa,,,19:52.6,->,97.7
14:19:52.693 -> 97.7,kPa,,,19:52.7,->,97.7
14:19:52.787 -> 97.7,kPa,,,19:52.8,->,97.7
14:19:52.882 -> 95.7,kPa,,,19:52.9,->,95.7
14:19:52.977 -> 93.8,kPa,,,19:53.0,->,93.8
14:19:53.072 -> 91.8,kPa,,,19:53.1,->,91.8
14:19:53.166 -> 91.8,kPa,,,19:53.2,->,91.8
14:19:53.294 -> 89.9,kPa,,,19:53.3,->,89.9
14:19:53.389 -> 87.9,kPa,,,19:53.4,->,87.9
14:19:53.485 -> 84.0,kPa,,,19:53.5,->,84
14:19:53.581 -> 84.0,kPa,,,19:53.6,->,84
14:19:53.675 -> 84.0,kPa,,,19:53.7,->,84
14:19:53.770 -> 87.9,kPa,,,19:53.8,->,87.9
14:19:53.866 -> 91.8,kPa,,,19:53.9,->,91.8
14:19:53.960 -> 89.9,kPa,,,19:54.0,->,89.9
14:19:54.103 -> 86.0,kPa,,,19:54.1,->,86
14:19:54.197 -> 80.1,kPa,,,19:54.2,->,80.1
14:19:54.291 -> 78.2,kPa,,,19:54.3,->,78.2
14:19:54.390 -> 82.1,kPa,,,19:54.4,->,82.1
14:19:54.482 -> 87.9,kPa,,,19:54.5,->,87.9
14:19:54.577 -> 89.9,kPa,,,19:54.6,->,89.9
14:19:54.678 -> 86.0,kPa,,,19:54.7,->,86
14:19:54.765 -> 84.0,kPa,,,19:54.8,->,84
14:19:54.907 -> 86.0,kPa,,,19:54.9,->,86
14:19:55.001 -> 91.8,kPa,,,19:55.0,->,91.8
14:19:55.096 -> 93.8,kPa,,,19:55.1,->,93.8
14:19:55.189 -> 93.8,kPa,,,19:55.2,->,93.8
14:19:55.284 -> 95.7,kPa,,,19:55.3,->,95.7
14:19:55.379 -> 95.7,kPa,,,19:55.4,->,95.7
14:19:55.475 -> 97.7,kPa,,,19:55.5,->,97.7
14:19:55.602 -> 99.6,kPa,,,19:55.6,->,99.6
14:19:55.699 -> 99.6,kPa,,,19:55.7,->,99.6
14:19:55.792 -> 97.7,kPa,,,19:55.8,->,97.7
14:19:55.887 -> 97.7,kPa,,,19:55.9,->,97.7
14:19:56.003 -> 97.7,kPa,,,19:56.0,->,97.7
14:19:56.091 -> 95.7,kPa,,,19:56.1,->,95.7
14:19:56.190 -> 95.7,kPa,,,19:56.2,->,95.7
14:19:56.286 -> 91.8,kPa,,,19:56.3,->,91.8
14:19:56.391 -> 89.9,kPa,,,19:56.4,->,89.9
14:19:56.486 -> 89.9,kPa,,,19:56.5,->,89.9
14:19:56.581 -> 87.9,kPa,,,19:56.6,->,87.9
14:19:56.675 -> 84.0,kPa,,,19:56.7,->,84
14:19:56.775 -> 80.1,kPa,,,19:56.8,->,80.1
14:19:56.912 -> 76.2,kPa,,,19:56.9,->,76.2
14:19:57.006 -> 72.3,kPa,,,19:57.0,->,72.3
14:19:57.101 -> 76.2,kPa,,,19:57.1,->,76.2
14:19:57.196 -> 82.1,kPa,,,19:57.2,->,82.1
14:19:57.292 -> 84.0,kPa,,,19:57.3,->,84
14:19:57.391 -> 89.9,kPa,,,19:57.4,->,89.9
14:19:57.497 -> 91.8,kPa,,,19:57.5,->,91.8
14:19:57.592 -> 91.8,kPa,,,19:57.6,->,91.8
14:19:57.686 -> 93.8,kPa,,,19:57.7,->,93.8
14:19:57.782 -> 89.9,kPa,,,19:57.8,->,89.9
14:19:57.891 -> 86.0,kPa,,,19:57.9,->,86
14:19:57.986 -> 86.0,kPa,,,19:58.0,->,86
14:19:58.081 -> 87.9,kPa,,,19:58.1,->,87.9
14:19:58.223 -> 89.9,kPa,,,19:58.2,->,89.9
14:19:58.318 -> 89.9,kPa,,,19:58.3,->,89.9
14:19:58.413 -> 89.9,kPa,,,19:58.4,->,89.9
14:19:58.509 -> 89.9,kPa,,,19:58.5,->,89.9
14:19:58.603 -> 89.9,kPa,,,19:58.6,->,89.9
14:19:58.697 -> 87.9,kPa,,,19:58.7,->,87.9
14:19:58.791 -> 84.0,kPa,,,19:58.8,->,84
14:19:58.887 -> 84.0,kPa,,,19:58.9,->,84
14:19:58.981 -> 84.0,kPa,,,19:59.0,->,84
14:19:59.094 -> 80.1,kPa,,,19:59.1,->,80.1
14:19:59.186 -> 78.2,kPa,,,19:59.2,->,78.2
14:19:59.329 -> 74.3,kPa,,,19:59.3,->,74.3
14:19:59.424 -> 70.3,kPa,,,19:59.4,->,70.3
14:19:59.519 -> 68.4,kPa,,,19:59.5,->,68.4
14:19:59.614 -> 68.4,kPa,,,19:59.6,->,68.4
14:19:59.708 -> 62.5,kPa,,,19:59.7,->,62.5
14:19:59.818 -> 60.6,kPa,,,19:59.8,->,60.6
14:19:59.915 -> 60.6,kPa,,,19:59.9,->,60.6
14:20:00.009 -> 64.5,kPa,,,20:00.0,->,64.5
14:20:00.104 -> 70.3,kPa,,,20:00.1,->,70.3
14:20:00.199 -> 70.3,kPa,,,20:00.2,->,70.3
14:20:00.294 -> 68.4,kPa,,,20:00.3,->,68.4
14:20:00.436 -> 72.3,kPa,,,20:00.4,->,72.3
14:20:00.531 -> 80.1,kPa,,,20:00.5,->,80.1
14:20:00.627 -> 89.9,kPa,,,20:00.6,->,89.9
14:20:00.706 -> 91.8,kPa,,,20:00.7,->,91.8
14:20:00.802 -> 95.7,kPa,,,20:00.8,->,95.7
14:20:00.901 -> 95.7,kPa,,,20:00.9,->,95.7
14:20:01.039 -> 93.8,kPa,,,20:01.0,->,93.8
14:20:01.134 -> 91.8,kPa,,,20:01.1,->,91.8
14:20:01.229 -> 93.8,kPa,,,20:01.2,->,93.8
14:20:01.323 -> 93.8,kPa,,,20:01.3,->,93.8
14:20:01.418 -> 89.9,kPa,,,20:01.4,->,89.9
14:20:01.512 -> 84.0,kPa,,,20:01.5,->,84
14:20:01.620 -> 80.1,kPa,,,20:01.6,->,80.1
14:20:01.722 -> 74.3,kPa,,,20:01.7,->,74.3
14:20:01.812 -> 72.3,kPa,,,20:01.8,->,72.3
14:20:01.907 -> 72.3,kPa,,,20:01.9,->,72.3
14:20:02.002 -> 78.2,kPa,,,20:02.0,->,78.2
14:20:02.144 -> 80.1,kPa,,,20:02.1,->,80.1
14:20:02.239 -> 82.1,kPa,,,20:02.2,->,82.1
14:20:02.334 -> 87.9,kPa,,,20:02.3,->,87.9
14:20:02.428 -> 93.8,kPa,,,20:02.4,->,93.8
14:20:02.508 -> 95.7,kPa,,,20:02.5,->,95.7
14:20:02.650 -> 97.7,kPa,,,20:02.7,->,97.7
14:20:02.745 -> 97.7,kPa,,,20:02.7,->,97.7
14:20:02.840 -> 97.7,kPa,,,20:02.8,->,97.7
14:20:02.935 -> 97.7,kPa,,,20:02.9,->,97.7
14:20:03.030 -> 91.8,kPa,,,20:03.0,->,91.8
14:20:03.124 -> 95.7,kPa,,,20:03.1,->,95.7
14:20:03.219 -> 95.7,kPa,,,20:03.2,->,95.7
14:20:03.315 -> 95.7,kPa,,,20:03.3,->,95.7
14:20:03.457 -> 97.7,kPa,,,20:03.5,->,97.7
14:20:03.555 -> 97.7,kPa,,,20:03.6,->,97.7
14:20:03.647 -> 97.7,kPa,,,20:03.6,->,97.7
14:20:03.742 -> 99.6,kPa,,,20:03.7,->,99.6
14:20:03.837 -> 99.6,kPa,,,20:03.8,->,99.6
14:20:03.933 -> 97.7,kPa,,,20:03.9,->,97.7
14:20:04.028 -> 95.7,kPa,,,20:04.0,->,95.7
14:20:04.122 -> 95.7,kPa,,,20:04.1,->,95.7
14:20:04.216 -> 97.7,kPa,,,20:04.2,->,97.7
14:20:04.358 -> 97.7,kPa,,,20:04.4,->,97.7
14:20:04.438 -> 97.7,kPa,,,20:04.4,->,97.7
14:20:04.533 -> 97.7,kPa,,,20:04.5,->,97.7
14:20:04.628 -> 95.7,kPa,,,20:04.6,->,95.7
14:20:04.722 -> 95.7,kPa,,,20:04.7,->,95.7
14:20:04.818 -> 95.7,kPa,,,20:04.8,->,95.7
14:20:04.960 -> 95.7,kPa,,,20:05.0,->,95.7
14:20:05.055 -> 95.7,kPa,,,20:05.1,->,95.7
14:20:05.149 -> 87.9,kPa,,,20:05.1,->,87.9
14:20:05.259 -> 84.0,kPa,,,20:05.3,->,84
14:20:05.338 -> 84.0,kPa,,,20:05.3,->,84
14:20:05.425 -> 82.1,kPa,,,20:05.4,->,82.1
14:20:05.561 -> 80.1,kPa,,,20:05.6,->,80.1
14:20:05.655 -> 78.2,kPa,,,20:05.7,->,78.2
14:20:05.753 -> 78.2,kPa,,,20:05.8,->,78.2
14:20:05.867 -> 84.0,kPa,,,20:05.9,->,84
14:20:05.957 -> 87.9,kPa,,,20:06.0,->,87.9
14:20:06.051 -> 93.8,kPa,,,20:06.1,->,93.8
14:20:06.146 -> 93.8,kPa,,,20:06.1,->,93.8
14:20:06.241 -> 86.0,kPa,,,20:06.2,->,86
14:20:06.368 -> 86.0,kPa,,,20:06.4,->,86
14:20:06.463 -> 87.9,kPa,,,20:06.5,->,87.9
14:20:06.562 -> 91.8,kPa,,,20:06.6,->,91.8
14:20:06.653 -> 91.8,kPa,,,20:06.7,->,91.8
14:20:06.733 -> 93.8,kPa,,,20:06.7,->,93.8
14:20:06.835 -> 93.8,kPa,,,20:06.8,->,93.8
14:20:06.955 -> 95.7,kPa,,,20:07.0,->,95.7
14:20:07.049 -> 97.7,kPa,,,20:07.0,->,97.7
14:20:07.143 -> 95.7,kPa,,,20:07.1,->,95.7
14:20:07.245 -> 97.7,kPa,,,20:07.2,->,97.7
14:20:07.336 -> 95.7,kPa,,,20:07.3,->,95.7
14:20:07.476 -> 97.7,kPa,,,20:07.5,->,97.7
14:20:07.577 -> 99.6,kPa,,,20:07.6,->,99.6
14:20:07.636 -> 99.6,kPa,,,20:07.6,->,99.6
14:20:07.763 -> 99.6,kPa,,,20:07.8,->,99.6
14:20:07.873 -> 99.6,kPa,,,20:07.9,->,99.6
14:20:07.968 -> 99.6,kPa,,,20:08.0,->,99.6
14:20:08.064 -> 99.6,kPa,,,20:08.1,->,99.6
14:20:08.160 -> 97.7,kPa,,,20:08.2,->,97.7
14:20:08.247 -> 97.7,kPa,,,20:08.2,->,97.7
14:20:08.382 -> 95.7,kPa,,,20:08.4,->,95.7
14:20:08.445 -> 93.8,kPa,,,20:08.4,->,93.8
14:20:08.539 -> 93.8,kPa,,,20:08.5,->,93.8
14:20:08.681 -> 89.9,kPa,,,20:08.7,->,89.9
14:20:08.777 -> 89.9,kPa,,,20:08.8,->,89.9
14:20:08.840 -> 86.0,kPa,,,20:08.8,->,86
14:20:08.982 -> 86.0,kPa,,,20:09.0,->,86
14:20:09.077 -> 89.9,kPa,,,20:09.1,->,89.9
14:20:09.172 -> 93.8,kPa,,,20:09.2,->,93.8
14:20:09.267 -> 89.9,kPa,,,20:09.3,->,89.9
14:20:09.362 -> 84.0,kPa,,,20:09.4,->,84
14:20:09.458 -> 76.2,kPa,,,20:09.5,->,76.2
14:20:09.550 -> 72.3,kPa,,,20:09.6,->,72.3
14:20:09.644 -> 72.3,kPa,,,20:09.6,->,72.3
14:20:09.787 -> 78.2,kPa,,,20:09.8,->,78.2
14:20:09.882 -> 76.2,kPa,,,20:09.9,->,76.2
14:20:09.976 -> 74.3,kPa,,,20:10.0,->,74.3
14:20:10.071 -> 72.3,kPa,,,20:10.1,->,72.3
14:20:10.165 -> 70.3,kPa,,,20:10.2,->,70.3
14:20:10.260 -> 70.3,kPa,,,20:10.3,->,70.3
14:20:10.372 -> 74.3,kPa,,,20:10.4,->,74.3
14:20:10.470 -> 82.1,kPa,,,20:10.5,->,82.1
14:20:10.562 -> 87.9,kPa,,,20:10.6,->,87.9
14:20:10.656 -> 91.8,kPa,,,20:10.7,->,91.8
14:20:10.783 -> 87.9,kPa,,,20:10.8,->,87.9
14:20:10.855 -> 84.0,kPa,,,20:10.9,->,84
14:20:10.990 -> 82.1,kPa,,,20:11.0,->,82.1
14:20:11.083 -> 80.1,kPa,,,20:11.1,->,80.1
14:20:11.178 -> 80.1,kPa,,,20:11.2,->,80.1
14:20:11.273 -> 82.1,kPa,,,20:11.3,->,82.1
14:20:11.367 -> 84.0,kPa,,,20:11.4,->,84
14:20:11.462 -> 87.9,kPa,,,20:11.5,->,87.9
14:20:11.561 -> 93.8,kPa,,,20:11.6,->,93.8
14:20:11.686 -> 93.8,kPa,,,20:11.7,->,93.8
14:20:11.781 -> 93.8,kPa,,,20:11.8,->,93.8
14:20:11.875 -> 93.8,kPa,,,20:11.9,->,93.8
14:20:11.970 -> 89.9,kPa,,,20:12.0,->,89.9
14:20:12.066 -> 86.0,kPa,,,20:12.1,->,86
14:20:12.209 -> 82.1,kPa,,,20:12.2,->,82.1
14:20:12.290 -> 76.2,kPa,,,20:12.3,->,76.2
14:20:12.384 -> 70.3,kPa,,,20:12.4,->,70.3
14:20:12.495 -> 68.4,kPa,,,20:12.5,->,68.4
14:20:12.590 -> 72.3,kPa,,,20:12.6,->,72.3
14:20:12.670 -> 72.3,kPa,,,20:12.7,->,72.3
14:20:12.766 -> 74.3,kPa,,,20:12.8,->,74.3
14:20:12.892 -> 78.2,kPa,,,20:12.9,->,78.2
14:20:12.987 -> 80.1,kPa,,,20:13.0,->,80.1
14:20:13.067 -> 80.1,kPa,,,20:13.1,->,80.1
14:20:13.179 -> 78.2,kPa,,,20:13.2,->,78.2
14:20:13.260 -> 74.3,kPa,,,20:13.3,->,74.3
14:20:13.402 -> 70.3,kPa,,,20:13.4,->,70.3
14:20:13.497 -> 66.4,kPa,,,20:13.5,->,66.4
14:20:13.579 -> 64.5,kPa,,,20:13.6,->,64.5
14:20:13.674 -> 68.4,kPa,,,20:13.7,->,68.4
14:20:13.802 -> 72.3,kPa,,,20:13.8,->,72.3
14:20:13.897 -> 76.2,kPa,,,20:13.9,->,76.2
14:20:14.007 -> 86.0,kPa,,,20:14.0,->,86
14:20:14.086 -> 91.8,kPa,,,20:14.1,->,91.8
14:20:14.215 -> 95.7,kPa,,,20:14.2,->,95.7
14:20:14.311 -> 95.7,kPa,,,20:14.3,->,95.7
14:20:14.406 -> 95.7,kPa,,,20:14.4,->,95.7
14:20:14.501 -> 91.8,kPa,,,20:14.5,->,91.8
14:20:14.581 -> 89.9,kPa,,,20:14.6,->,89.9
14:20:14.676 -> 89.9,kPa,,,20:14.7,->,89.9
14:20:14.803 -> 86.0,kPa,,,20:14.8,->,86
14:20:14.897 -> 86.0,kPa,,,20:14.9,->,86
14:20:14.993 -> 82.1,kPa,,,20:15.0,->,82.1
14:20:15.089 -> 78.2,kPa,,,20:15.1,->,78.2
14:20:15.189 -> 78.2,kPa,,,20:15.2,->,78.2
14:20:15.278 -> 76.2,kPa,,,20:15.3,->,76.2
14:20:15.437 -> 80.1,kPa,,,20:15.4,->,80.1
14:20:15.485 -> 86.0,kPa,,,20:15.5,->,86
14:20:15.580 -> 93.8,kPa,,,20:15.6,->,93.8
14:20:15.721 -> 95.7,kPa,,,20:15.7,->,95.7
14:20:15.801 -> 93.8,kPa,,,20:15.8,->,93.8
14:20:15.897 -> 95.7,kPa,,,20:15.9,->,95.7
14:20:15.976 -> 95.7,kPa,,,20:16.0,->,95.7
14:20:16.119 -> 93.8,kPa,,,20:16.1,->,93.8
14:20:16.215 -> 91.8,kPa,,,20:16.2,->,91.8
14:20:16.296 -> 91.8,kPa,,,20:16.3,->,91.8
14:20:16.389 -> 95.7,kPa,,,20:16.4,->,95.7
14:20:16.484 -> 95.7,kPa,,,20:16.5,->,95.7
14:20:16.613 -> 95.7,kPa,,,20:16.6,->,95.7
14:20:16.707 -> 95.7,kPa,,,20:16.7,->,95.7
14:20:16.802 -> 97.7,kPa,,,20:16.8,->,97.7
14:20:16.897 -> 97.7,kPa,,,20:16.9,->,97.7
14:20:17.009 -> 97.7,kPa,,,20:17.0,->,97.7
14:20:17.105 -> 93.8,kPa,,,20:17.1,->,93.8
14:20:17.199 -> 87.9,kPa,,,20:17.2,->,87.9
14:20:17.295 -> 87.9,kPa,,,20:17.3,->,87.9
14:20:17.389 -> 89.9,kPa,,,20:17.4,->,89.9
14:20:17.532 -> 89.9,kPa,,,20:17.5,->,89.9
14:20:17.627 -> 87.9,kPa,,,20:17.6,->,87.9
14:20:17.722 -> 84.0,kPa,,,20:17.7,->,84
14:20:17.818 -> 80.1,kPa,,,20:17.8,->,80.1
14:20:17.912 -> 76.2,kPa,,,20:17.9,->,76.2
14:20:18.008 -> 76.2,kPa,,,20:18.0,->,76.2
14:20:18.102 -> 80.1,kPa,,,20:18.1,->,80.1
14:20:18.197 -> 78.2,kPa,,,20:18.2,->,78.2
14:20:18.340 -> 80.1,kPa,,,20:18.3,->,80.1
14:20:18.434 -> 82.1,kPa,,,20:18.4,->,82.1
14:20:18.529 -> 86.0,kPa,,,20:18.5,->,86
14:20:18.623 -> 91.8,kPa,,,20:18.6,->,91.8
14:20:18.718 -> 95.7,kPa,,,20:18.7,->,95.7
14:20:18.812 -> 95.7,kPa,,,20:18.8,->,95.7
14:20:18.908 -> 93.8,kPa,,,20:18.9,->,93.8
14:20:19.003 -> 93.8,kPa,,,20:19.0,->,93.8
14:20:19.144 -> 93.8,kPa,,,20:19.1,->,93.8
14:20:19.207 -> 95.7,kPa,,,20:19.2,->,95.7
14:20:19.302 -> 95.7,kPa,,,20:19.3,->,95.7
14:20:19.398 -> 95.7,kPa,,,20:19.4,->,95.7
14:20:19.539 -> 97.7,kPa,,,20:19.5,->,97.7
14:20:19.633 -> 97.7,kPa,,,20:19.6,->,97.7
14:20:19.728 -> 97.7,kPa,,,20:19.7,->,97.7
14:20:19.823 -> 97.7,kPa,,,20:19.8,->,97.7
14:20:19.905 -> 91.8,kPa,,,20:19.9,->,91.8
14:20:20.016 -> 86.0,kPa,,,20:20.0,->,86
14:20:20.108 -> 78.2,kPa,,,20:20.1,->,78.2
14:20:20.203 -> 74.3,kPa,,,20:20.2,->,74.3
14:20:20.345 -> 70.3,kPa,,,20:20.3,->,70.3
14:20:20.440 -> 72.3,kPa,,,20:20.4,->,72.3
14:20:20.534 -> 82.1,kPa,,,20:20.5,->,82.1
14:20:20.629 -> 84.0,kPa,,,20:20.6,->,84
14:20:20.724 -> 82.1,kPa,,,20:20.7,->,82.1
14:20:20.819 -> 80.1,kPa,,,20:20.8,->,80.1
14:20:20.944 -> 80.1,kPa,,,20:20.9,->,80.1
14:20:21.040 -> 87.9,kPa,,,20:21.0,->,87.9
14:20:21.134 -> 91.8,kPa,,,20:21.1,->,91.8
14:20:21.229 -> 91.8,kPa,,,20:21.2,->,91.8
14:20:21.324 -> 89.9,kPa,,,20:21.3,->,89.9
14:20:21.421 -> 91.8,kPa,,,20:21.4,->,91.8
14:20:21.514 -> 91.8,kPa,,,20:21.5,->,91.8
14:20:21.656 -> 89.9,kPa,,,20:21.7,->,89.9
14:20:21.750 -> 91.8,kPa,,,20:21.8,->,91.8
14:20:21.844 -> 93.8,kPa,,,20:21.8,->,93.8
14:20:21.956 -> 93.8,kPa,,,20:22.0,->,93.8
14:20:22.050 -> 93.8,kPa,,,20:22.1,->,93.8
14:20:22.145 -> 95.7,kPa,,,20:22.1,->,95.7
14:20:22.240 -> 97.7,kPa,,,20:22.2,->,97.7
14:20:22.334 -> 97.7,kPa,,,20:22.3,->,97.7
14:20:22.428 -> 91.8,kPa,,,20:22.4,->,91.8
14:20:22.523 -> 89.9,kPa,,,20:22.5,->,89.9
14:20:22.627 -> 87.9,kPa,,,20:22.6,->,87.9
14:20:22.713 -> 87.9,kPa,,,20:22.7,->,87.9
14:20:22.855 -> 86.0,kPa,,,20:22.9,->,86
14:20:22.950 -> 84.0,kPa,,,20:22.9,->,84
14:20:23.045 -> 80.1,kPa,,,20:23.0,->,80.1
14:20:23.140 -> 78.2,kPa,,,20:23.1,->,78.2
14:20:23.235 -> 78.2,kPa,,,20:23.2,->,78.2
14:20:23.329 -> 74.3,kPa,,,20:23.3,->,74.3
14:20:23.424 -> 70.3,kPa,,,20:23.4,->,70.3
14:20:23.566 -> 64.5,kPa,,,20:23.6,->,64.5
14:20:23.661 -> 60.6,kPa,,,20:23.7,->,60.6
14:20:23.755 -> 58.6,kPa,,,20:23.8,->,58.6
14:20:23.850 -> 54.7,kPa,,,20:23.9,->,54.7
14:20:23.954 -> 50.8,kPa,,,20:24.0,->,50.8
14:20:24.041 -> 48.9,kPa,,,20:24.0,->,48.9
14:20:24.135 -> 46.9,kPa,,,20:24.1,->,46.9
14:20:24.229 -> 48.9,kPa,,,20:24.2,->,48.9
14:20:24.371 -> 52.8,kPa,,,20:24.4,->,52.8
14:20:24.434 -> 60.6,kPa,,,20:24.4,->,60.6
14:20:24.530 -> 68.4,kPa,,,20:24.5,->,68.4
14:20:24.671 -> 74.3,kPa,,,20:24.7,->,74.3
14:20:24.779 -> 82.1,kPa,,,20:24.8,->,82.1
14:20:24.839 -> 87.9,kPa,,,20:24.8,->,87.9
14:20:24.940 -> 93.8,kPa,,,20:24.9,->,93.8
14:20:25.034 -> 95.7,kPa,,,20:25.0,->,95.7
14:20:25.177 -> 97.7,kPa,,,20:25.2,->,97.7
14:20:25.272 -> 97.7,kPa,,,20:25.3,->,97.7
14:20:25.351 -> 97.7,kPa,,,20:25.4,->,97.7
14:20:25.446 -> 97.7,kPa,,,20:25.4,->,97.7
14:20:25.541 -> 97.7,kPa,,,20:25.5,->,97.7
14:20:25.639 -> 97.7,kPa,,,20:25.6,->,97.7
14:20:25.777 -> 99.6,kPa,,,20:25.8,->,99.6
14:20:25.871 -> 97.7,kPa,,,20:25.9,->,97.7
14:20:25.966 -> 97.7,kPa,,,20:26.0,->,97.7
14:20:26.045 -> 97.7,kPa,,,20:26.0,->,97.7
14:20:26.139 -> 97.7,kPa,,,20:26.1,->,97.7
14:20:26.255 -> 97.7,kPa,,,20:26.3,->,97.7
14:20:26.360 -> 95.7,kPa,,,20:26.4,->,95.7
14:20:26.455 -> 95.7,kPa,,,20:26.5,->,95.7
14:20:26.549 -> 97.7,kPa,,,20:26.5,->,97.7
14:20:26.676 -> 97.7,kPa,,,20:26.7,->,97.7
14:20:26.771 -> 97.7,kPa,,,20:26.8,->,97.7
14:20:26.866 -> 95.7,kPa,,,20:26.9,->,95.7
14:20:26.960 -> 95.7,kPa,,,20:27.0,->,95.7
14:20:27.054 -> 93.8,kPa,,,20:27.1,->,93.8
14:20:27.148 -> 93.8,kPa,,,20:27.1,->,93.8
14:20:27.243 -> 93.8,kPa,,,20:27.2,->,93.8
14:20:27.385 -> 93.8,kPa,,,20:27.4,->,93.8
14:20:27.479 -> 93.8,kPa,,,20:27.5,->,93.8
14:20:27.575 -> 95.7,kPa,,,20:27.6,->,95.7
14:20:27.669 -> 95.7,kPa,,,20:27.7,->,95.7
14:20:27.763 -> 95.7,kPa,,,20:27.8,->,95.7
14:20:27.874 -> 95.7,kPa,,,20:27.9,->,95.7
14:20:27.969 -> 95.7,kPa,,,20:28.0,->,95.7
14:20:28.064 -> 93.8,kPa,,,20:28.1,->,93.8
14:20:28.159 -> 87.9,kPa,,,20:28.2,->,87.9
14:20:28.253 -> 84.0,kPa,,,20:28.3,->,84
14:20:28.395 -> 84.0,kPa,,,20:28.4,->,84
14:20:28.475 -> 86.0,kPa,,,20:28.5,->,86
14:20:28.570 -> 89.9,kPa,,,20:28.6,->,89.9
14:20:28.696 -> 89.9,kPa,,,20:28.7,->,89.9
14:20:28.791 -> 84.0,kPa,,,20:28.8,->,84
14:20:28.886 -> 87.9,kPa,,,20:28.9,->,87.9
14:20:28.981 -> 91.8,kPa,,,20:29.0,->,91.8
14:20:29.075 -> 93.8,kPa,,,20:29.1,->,93.8
14:20:29.170 -> 93.8,kPa,,,20:29.2,->,93.8
14:20:29.264 -> 93.8,kPa,,,20:29.3,->,93.8
14:20:29.359 -> 95.7,kPa,,,20:29.4,->,95.7
14:20:29.501 -> 95.7,kPa,,,20:29.5,->,95.7
14:20:29.595 -> 95.7,kPa,,,20:29.6,->,95.7
14:20:29.699 -> 95.7,kPa,,,20:29.7,->,95.7
14:20:29.784 -> 99.6,kPa,,,20:29.8,->,99.6
14:20:29.879 -> 97.7,kPa,,,20:29.9,->,97.7
14:20:29.974 -> 99.6,kPa,,,20:30.0,->,99.6
14:20:30.073 -> 99.6,kPa,,,20:30.1,->,99.6
14:20:30.147 -> 99.6,kPa,,,20:30.1,->,99.6
14:20:30.273 -> 99.6,kPa,,,20:30.3,->,99.6
14:20:30.368 -> 99.6,kPa,,,20:30.4,->,99.6
14:20:30.464 -> 99.6,kPa,,,20:30.5,->,99.6
14:20:30.559 -> 101.6,kPa,,,20:30.6,->,101.6
14:20:30.700 -> 99.6,kPa,,,20:30.7,->,99.6
14:20:30.794 -> 99.6,kPa,,,20:30.8,->,99.6
14:20:30.889 -> 99.6,kPa,,,20:30.9,->,99.6
14:20:30.968 -> 99.6,kPa,,,20:31.0,->,99.6
14:20:31.063 -> 97.7,kPa,,,20:31.1,->,97.7
14:20:31.173 -> 97.7,kPa,,,20:31.2,->,97.7
14:20:31.268 -> 89.9,kPa,,,20:31.3,->,89.9
14:20:31.379 -> 87.9,kPa,,,20:31.4,->,87.9
14:20:31.475 -> 84.0,kPa,,,20:31.5,->,84
14:20:31.568 -> 82.1,kPa,,,20:31.6,->,82.1
14:20:31.710 -> 80.1,kPa,,,20:31.7,->,80.1
14:20:31.806 -> 78.2,kPa,,,20:31.8,->,78.2
14:20:31.894 -> 76.2,kPa,,,20:31.9,->,76.2
14:20:31.982 -> 78.2,kPa,,,20:32.0,->,78.2
14:20:32.077 -> 82.1,kPa,,,20:32.1,->,82.1
14:20:32.172 -> 84.0,kPa,,,20:32.2,->,84
14:20:32.301 -> 80.1,kPa,,,20:32.3,->,80.1
14:20:32.398 -> 76.2,kPa,,,20:32.4,->,76.2
14:20:32.505 -> 78.2,kPa,,,20:32.5,->,78.2
14:20:32.600 -> 78.2,kPa,,,20:32.6,->,78.2
14:20:32.680 -> 76.2,kPa,,,20:32.7,->,76.2
14:20:32.775 -> 82.1,kPa,,,20:32.8,->,82.1
14:20:32.918 -> 84.0,kPa,,,20:32.9,->,84
14:20:33.013 -> 91.8,kPa,,,20:33.0,->,91.8
14:20:33.108 -> 93.8,kPa,,,20:33.1,->,93.8
14:20:33.211 -> 95.7,kPa,,,20:33.2,->,95.7
14:20:33.299 -> 95.7,kPa,,,20:33.3,->,95.7
14:20:33.394 -> 93.8,kPa,,,20:33.4,->,93.8
14:20:33.490 -> 97.7,kPa,,,20:33.5,->,97.7
14:20:33.590 -> 99.6,kPa,,,20:33.6,->,99.6
14:20:33.680 -> 99.6,kPa,,,20:33.7,->,99.6
14:20:33.793 -> 99.6,kPa,,,20:33.8,->,99.6
14:20:33.887 -> 97.7,kPa,,,20:33.9,->,97.7
14:20:33.982 -> 93.8,kPa,,,20:34.0,->,93.8
14:20:34.124 -> 91.8,kPa,,,20:34.1,->,91.8
14:20:34.219 -> 89.9,kPa,,,20:34.2,->,89.9
14:20:34.314 -> 86.0,kPa,,,20:34.3,->,86
14:20:34.408 -> 86.0,kPa,,,20:34.4,->,86
14:20:34.502 -> 87.9,kPa,,,20:34.5,->,87.9
14:20:34.598 -> 87.9,kPa,,,20:34.6,->,87.9
14:20:34.693 -> 89.9,kPa,,,20:34.7,->,89.9
14:20:34.787 -> 87.9,kPa,,,20:34.8,->,87.9
14:20:34.930 -> 87.9,kPa,,,20:34.9,->,87.9
14:20:34.993 -> 93.8,kPa,,,20:35.0,->,93.8
14:20:35.095 -> 95.7,kPa,,,20:35.1,->,95.7
14:20:35.215 -> 97.7,kPa,,,20:35.2,->,97.7
14:20:35.296 -> 97.7,kPa,,,20:35.3,->,97.7
14:20:35.393 -> 97.7,kPa,,,20:35.4,->,97.7
14:20:35.531 -> 97.7,kPa,,,20:35.5,->,97.7
14:20:35.626 -> 97.7,kPa,,,20:35.6,->,97.7
14:20:35.720 -> 99.6,kPa,,,20:35.7,->,99.6
14:20:35.814 -> 99.6,kPa,,,20:35.8,->,99.6
14:20:35.909 -> 97.7,kPa,,,20:35.9,->,97.7
14:20:36.004 -> 95.7,kPa,,,20:36.0,->,95.7
14:20:36.115 -> 91.8,kPa,,,20:36.1,->,91.8
14:20:36.210 -> 86.0,kPa,,,20:36.2,->,86
14:20:36.304 -> 84.0,kPa,,,20:36.3,->,84
14:20:36.432 -> 84.0,kPa,,,20:36.4,->,84
14:20:36.527 -> 86.0,kPa,,,20:36.5,->,86
14:20:36.621 -> 84.0,kPa,,,20:36.6,->,84
14:20:36.716 -> 78.2,kPa,,,20:36.7,->,78.2
14:20:36.842 -> 74.3,kPa,,,20:36.8,->,74.3
14:20:36.893 -> 72.3,kPa,,,20:36.9,->,72.3
14:20:37.031 -> 66.4,kPa,,,20:37.0,->,66.4
14:20:37.110 -> 62.5,kPa,,,20:37.1,->,62.5
14:20:37.205 -> 58.6,kPa,,,20:37.2,->,58.6
14:20:37.300 -> 62.5,kPa,,,20:37.3,->,62.5
14:20:37.443 -> 72.3,kPa,,,20:37.4,->,72.3
14:20:37.538 -> 78.2,kPa,,,20:37.5,->,78.2
14:20:37.618 -> 87.9,kPa,,,20:37.6,->,87.9
14:20:37.746 -> 93.8,kPa,,,20:37.7,->,93.8
14:20:37.832 -> 97.7,kPa,,,20:37.8,->,97.7
14:20:37.921 -> 99.6,kPa,,,20:37.9,->,99.6
14:20:38.016 -> 97.7,kPa,,,20:38.0,->,97.7
14:20:38.110 -> 97.7,kPa,,,20:38.1,->,97.7
14:20:38.207 -> 97.7,kPa,,,20:38.2,->,97.7
14:20:38.349 -> 97.7,kPa,,,20:38.3,->,97.7
14:20:38.444 -> 97.7,kPa,,,20:38.4,->,97.7
14:20:38.539 -> 99.6,kPa,,,20:38.5,->,99.6
14:20:38.639 -> 99.6,kPa,,,20:38.6,->,99.6
14:20:38.716 -> 99.6,kPa,,,20:38.7,->,99.6
14:20:38.812 -> 97.7,kPa,,,20:38.8,->,97.7
14:20:38.954 -> 97.7,kPa,,,20:39.0,->,97.7
14:20:39.049 -> 99.6,kPa,,,20:39.0,->,99.6
14:20:39.143 -> 95.7,kPa,,,20:39.1,->,95.7
14:20:39.226 -> 87.9,kPa,,,20:39.2,->,87.9
14:20:39.318 -> 86.0,kPa,,,20:39.3,->,86
14:20:39.416 -> 87.9,kPa,,,20:39.4,->,87.9
14:20:39.556 -> 89.9,kPa,,,20:39.6,->,89.9
14:20:39.637 -> 89.9,kPa,,,20:39.6,->,89.9
14:20:39.717 -> 93.8,kPa,,,20:39.7,->,93.8
14:20:39.859 -> 93.8,kPa,,,20:39.9,->,93.8
14:20:39.955 -> 91.8,kPa,,,20:40.0,->,91.8
14:20:40.050 -> 93.8,kPa,,,20:40.1,->,93.8
14:20:40.160 -> 95.7,kPa,,,20:40.2,->,95.7
14:20:40.255 -> 97.7,kPa,,,20:40.3,->,97.7
14:20:40.349 -> 95.7,kPa,,,20:40.3,->,95.7
14:20:40.443 -> 97.7,kPa,,,20:40.4,->,97.7
14:20:40.537 -> 95.7,kPa,,,20:40.5,->,95.7
14:20:40.630 -> 95.7,kPa,,,20:40.6,->,95.7
14:20:40.724 -> 95.7,kPa,,,20:40.7,->,95.7
14:20:40.866 -> 95.7,kPa,,,20:40.9,->,95.7
14:20:40.959 -> 95.7,kPa,,,20:41.0,->,95.7
14:20:41.100 -> 97.7,kPa,,,20:41.1,->,97.7
14:20:41.147 -> 97.7,kPa,,,20:41.1,->,97.7
14:20:41.240 -> 99.6,kPa,,,20:41.2,->,99.6
14:20:41.334 -> 99.6,kPa,,,20:41.3,->,99.6
14:20:41.428 -> 97.7,kPa,,,20:41.4,->,97.7
14:20:41.522 -> 97.7,kPa,,,20:41.5,->,97.7
14:20:41.662 -> 93.8,kPa,,,20:41.7,->,93.8
14:20:41.756 -> 93.8,kPa,,,20:41.8,->,93.8
14:20:41.850 -> 95.7,kPa,,,20:41.8,->,95.7
14:20:41.945 -> 97.7,kPa,,,20:41.9,->,97.7
14:20:42.040 -> 95.7,kPa,,,20:42.0,->,95.7
14:20:42.135 -> 95.7,kPa,,,20:42.1,->,95.7
14:20:42.229 -> 91.8,kPa,,,20:42.2,->,91.8
14:20:42.370 -> 91.8,kPa,,,20:42.4,->,91.8
14:20:42.464 -> 91.8,kPa,,,20:42.5,->,91.8
14:20:42.557 -> 89.9,kPa,,,20:42.6,->,89.9
14:20:42.651 -> 87.9,kPa,,,20:42.7,->,87.9
14:20:42.745 -> 82.1,kPa,,,20:42.7,->,82.1
14:20:42.838 -> 76.2,kPa,,,20:42.8,->,76.2
14:20:42.932 -> 70.3,kPa,,,20:42.9,->,70.3
14:20:43.026 -> 70.3,kPa,,,20:43.0,->,70.3
14:20:43.167 -> 72.3,kPa,,,20:43.2,->,72.3
14:20:43.245 -> 76.2,kPa,,,20:43.2,->,76.2
14:20:43.339 -> 84.0,kPa,,,20:43.3,->,84
14:20:43.434 -> 87.9,kPa,,,20:43.4,->,87.9
14:20:43.576 -> 86.0,kPa,,,20:43.6,->,86
14:20:43.669 -> 89.9,kPa,,,20:43.7,->,89.9
14:20:43.763 -> 87.9,kPa,,,20:43.8,->,87.9
14:20:43.857 -> 87.9,kPa,,,20:43.9,->,87.9
14:20:43.951 -> 87.9,kPa,,,20:44.0,->,87.9
14:20:44.044 -> 93.8,kPa,,,20:44.0,->,93.8
14:20:44.154 -> 95.7,kPa,,,20:44.2,->,95.7
14:20:44.248 -> 97.7,kPa,,,20:44.2,->,97.7
14:20:44.343 -> 97.7,kPa,,,20:44.3,->,97.7
14:20:44.483 -> 99.6,kPa,,,20:44.5,->,99.6
14:20:44.577 -> 97.7,kPa,,,20:44.6,->,97.7
14:20:44.671 -> 95.7,kPa,,,20:44.7,->,95.7
14:20:44.765 -> 91.8,kPa,,,20:44.8,->,91.8
14:20:44.859 -> 91.8,kPa,,,20:44.9,->,91.8
14:20:44.953 -> 93.8,kPa,,,20:45.0,->,93.8
14:20:45.047 -> 95.7,kPa,,,20:45.0,->,95.7
14:20:45.188 -> 93.8,kPa,,,20:45.2,->,93.8
14:20:45.281 -> 93.8,kPa,,,20:45.3,->,93.8
14:20:45.361 -> 89.9,kPa,,,20:45.4,->,89.9
14:20:45.457 -> 84.0,kPa,,,20:45.5,->,84
14:20:45.551 -> 86.0,kPa,,,20:45.6,->,86
14:20:45.692 -> 87.9,kPa,,,20:45.7,->,87.9
14:20:45.786 -> 91.8,kPa,,,20:45.8,->,91.8
14:20:45.880 -> 93.8,kPa,,,20:45.9,->,93.8
14:20:45.973 -> 93.8,kPa,,,20:46.0,->,93.8
14:20:46.067 -> 87.9,kPa,,,20:46.1,->,87.9
14:20:46.176 -> 82.1,kPa,,,20:46.2,->,82.1
14:20:46.271 -> 74.3,kPa,,,20:46.3,->,74.3
14:20:46.365 -> 70.3,kPa,,,20:46.4,->,70.3
14:20:46.458 -> 70.3,kPa,,,20:46.5,->,70.3
14:20:46.552 -> 70.3,kPa,,,20:46.6,->,70.3
14:20:46.677 -> 66.4,kPa,,,20:46.7,->,66.4
14:20:46.771 -> 66.4,kPa,,,20:46.8,->,66.4
14:20:46.865 -> 68.4,kPa,,,20:46.9,->,68.4
14:20:46.958 -> 72.3,kPa,,,20:47.0,->,72.3
14:20:47.052 -> 76.2,kPa,,,20:47.1,->,76.2
14:20:47.208 -> 80.1,kPa,,,20:47.2,->,80.1
14:20:47.255 -> 87.9,kPa,,,20:47.3,->,87.9
14:20:47.397 -> 93.8,kPa,,,20:47.4,->,93.8
14:20:47.492 -> 93.8,kPa,,,20:47.5,->,93.8
14:20:47.587 -> 91.8,kPa,,,20:47.6,->,91.8
14:20:47.681 -> 89.9,kPa,,,20:47.7,->,89.9
14:20:47.775 -> 84.0,kPa,,,20:47.8,->,84
14:20:47.869 -> 89.9,kPa,,,20:47.9,->,89.9
14:20:47.963 -> 87.9,kPa,,,20:48.0,->,87.9
14:20:48.056 -> 89.9,kPa,,,20:48.1,->,89.9
14:20:48.197 -> 87.9,kPa,,,20:48.2,->,87.9
14:20:48.294 -> 87.9,kPa,,,20:48.3,->,87.9
14:20:48.387 -> 84.0,kPa,,,20:48.4,->,84
14:20:48.481 -> 80.1,kPa,,,20:48.5,->,80.1
14:20:48.575 -> 80.1,kPa,,,20:48.6,->,80.1
14:20:48.668 -> 80.1,kPa,,,20:48.7,->,80.1
14:20:48.762 -> 82.1,kPa,,,20:48.8,->,82.1
14:20:48.903 -> 89.9,kPa,,,20:48.9,->,89.9
14:20:48.997 -> 95.7,kPa,,,20:49.0,->,95.7
14:20:49.091 -> 95.7,kPa,,,20:49.1,->,95.7
14:20:49.231 -> 93.8,kPa,,,20:49.2,->,93.8
14:20:49.263 -> 93.8,kPa,,,20:49.3,->,93.8
14:20:49.404 -> 87.9,kPa,,,20:49.4,->,87.9
14:20:49.499 -> 80.1,kPa,,,20:49.5,->,80.1
14:20:49.593 -> 70.3,kPa,,,20:49.6,->,70.3
14:20:49.689 -> 62.5,kPa,,,20:49.7,->,62.5
14:20:49.783 -> 56.7,kPa,,,20:49.8,->,56.7
14:20:49.877 -> 52.8,kPa,,,20:49.9,->,52.8
14:20:49.971 -> 52.8,kPa,,,20:50.0,->,52.8
14:20:50.112 -> 58.6,kPa,,,20:50.1,->,58.6
14:20:50.280 -> 62.5,kPa,,,20:50.3,->,62.5
14:20:50.280 -> 64.5,kPa,,,20:50.3,->,64.5
14:20:50.380 -> 66.4,kPa,,,20:50.4,->,66.4
14:20:50.474 -> 70.3,kPa,,,20:50.5,->,70.3
14:20:50.568 -> 72.3,kPa,,,20:50.6,->,72.3
14:20:50.709 -> 80.1,kPa,,,20:50.7,->,80.1
14:20:50.802 -> 87.9,kPa,,,20:50.8,->,87.9
14:20:50.896 -> 89.9,kPa,,,20:50.9,->,89.9
14:20:50.990 -> 91.8,kPa,,,20:51.0,->,91.8
14:20:51.083 -> 91.8,kPa,,,20:51.1,->,91.8
14:20:51.275 -> 89.9,kPa,,,20:51.3,->,89.9
14:20:51.275 -> 86.0,kPa,,,20:51.3,->,86
14:20:51.383 -> 82.1,kPa,,,20:51.4,->,82.1
14:20:51.523 -> 84.0,kPa,,,20:51.5,->,84
14:20:51.617 -> 80.1,kPa,,,20:51.6,->,80.1
14:20:51.696 -> 78.2,kPa,,,20:51.7,->,78.2
14:20:51.805 -> 78.2,kPa,,,20:51.8,->,78.2
14:20:51.899 -> 84.0,kPa,,,20:51.9,->,84
14:20:51.993 -> 93.8,kPa,,,20:52.0,->,93.8
14:20:52.086 -> 95.7,kPa,,,20:52.1,->,95.7
14:20:52.228 -> 95.7,kPa,,,20:52.2,->,95.7
14:20:52.324 -> 97.7,kPa,,,20:52.3,->,97.7
14:20:52.419 -> 95.7,kPa,,,20:52.4,->,95.7
14:20:52.513 -> 89.9,kPa,,,20:52.5,->,89.9
14:20:52.607 -> 87.9,kPa,,,20:52.6,->,87.9
14:20:52.701 -> 86.0,kPa,,,20:52.7,->,86
14:20:52.795 -> 87.9,kPa,,,20:52.8,->,87.9
14:20:52.904 -> 87.9,kPa,,,20:52.9,->,87.9
14:20:52.998 -> 86.0,kPa,,,20:53.0,->,86
14:20:53.077 -> 87.9,kPa,,,20:53.1,->,87.9
14:20:53.186 -> 91.8,kPa,,,20:53.2,->,91.8
14:20:53.328 -> 91.8,kPa,,,20:53.3,->,91.8
14:20:53.425 -> 93.8,kPa,,,20:53.4,->,93.8
14:20:53.520 -> 95.7,kPa,,,20:53.5,->,95.7
14:20:53.617 -> 95.7,kPa,,,20:53.6,->,95.7
14:20:53.710 -> 93.8,kPa,,,20:53.7,->,93.8
14:20:53.806 -> 95.7,kPa,,,20:53.8,->,95.7
14:20:53.932 -> 97.7,kPa,,,20:53.9,->,97.7
14:20:54.026 -> 97.7,kPa,,,20:54.0,->,97.7
14:20:54.136 -> 97.7,kPa,,,20:54.1,->,97.7
14:20:54.307 -> 97.7,kPa,,,20:54.3,->,97.7
14:20:54.307 -> 97.7,kPa,,,20:54.3,->,97.7
14:20:54.417 -> 97.7,kPa,,,20:54.4,->,97.7
14:20:54.511 -> 99.6,kPa,,,20:54.5,->,99.6
14:20:54.605 -> 99.6,kPa,,,20:54.6,->,99.6
14:20:54.699 -> 99.6,kPa,,,20:54.7,->,99.6
14:20:54.840 -> 97.7,kPa,,,20:54.8,->,97.7
14:20:54.934 -> 95.7,kPa,,,20:54.9,->,95.7
14:20:55.027 -> 91.8,kPa,,,20:55.0,->,91.8
14:20:55.121 -> 89.9,kPa,,,20:55.1,->,89.9
14:20:55.340 -> 87.9,kPa,,,20:55.3,->,87.9
14:20:55.340 -> 82.1,kPa,,,20:55.3,->,82.1
14:20:55.434 -> 78.2,kPa,,,20:55.4,->,78.2
14:20:55.527 -> 78.2,kPa,,,20:55.5,->,78.2
14:20:55.621 -> 82.1,kPa,,,20:55.6,->,82.1
14:20:55.715 -> 84.0,kPa,,,20:55.7,->,84
14:20:55.809 -> 89.9,kPa,,,20:55.8,->,89.9
14:20:55.903 -> 91.8,kPa,,,20:55.9,->,91.8
14:20:55.996 -> 91.8,kPa,,,20:56.0,->,91.8
14:20:56.137 -> 84.0,kPa,,,20:56.1,->,84
14:20:56.327 -> 80.1,kPa,,,20:56.3,->,80.1
14:20:56.327 -> 76.2,kPa,,,20:56.3,->,76.2
14:20:56.418 -> 72.3,kPa,,,20:56.4,->,72.3
14:20:56.512 -> 72.3,kPa,,,20:56.5,->,72.3
14:20:56.606 -> 70.3,kPa,,,20:56.6,->,70.3
14:20:56.747 -> 72.3,kPa,,,20:56.7,->,72.3
14:20:56.840 -> 78.2,kPa,,,20:56.8,->,78.2
14:20:56.934 -> 87.9,kPa,,,20:56.9,->,87.9
14:20:57.028 -> 91.8,kPa,,,20:57.0,->,91.8
14:20:57.122 -> 95.7,kPa,,,20:57.1,->,95.7
14:20:57.201 -> 95.7,kPa,,,20:57.2,->,95.7
14:20:57.326 -> 95.7,kPa,,,20:57.3,->,95.7
14:20:57.435 -> 95.7,kPa,,,20:57.4,->,95.7
14:20:57.529 -> 93.8,kPa,,,20:57.5,->,93.8
14:20:57.623 -> 91.8,kPa,,,20:57.6,->,91.8
14:20:57.733 -> 91.8,kPa,,,20:57.7,->,91.8
14:20:57.827 -> 89.9,kPa,,,20:57.8,->,89.9
14:20:57.920 -> 89.9,kPa,,,20:57.9,->,89.9
14:20:58.014 -> 87.9,kPa,,,20:58.0,->,87.9
14:20:58.155 -> 84.0,kPa,,,20:58.2,->,84
14:20:58.295 -> 87.9,kPa,,,20:58.3,->,87.9
14:20:58.343 -> 89.9,kPa,,,20:58.3,->,89.9
14:20:58.437 -> 91.8,kPa,,,20:58.4,->,91.8
14:20:58.532 -> 95.7,kPa,,,20:58.5,->,95.7
14:20:58.625 -> 95.7,kPa,,,20:58.6,->,95.7
14:20:58.719 -> 93.8,kPa,,,20:58.7,->,93.8
14:20:58.813 -> 97.7,kPa,,,20:58.8,->,97.7
14:20:58.954 -> 97.7,kPa,,,20:59.0,->,97.7
14:20:59.047 -> 89.9,kPa,,,20:59.0,->,89.9
14:20:59.141 -> 86.0,kPa,,,20:59.1,->,86
14:20:59.313 -> 80.1,kPa,,,20:59.3,->,80.1
14:20:59.329 -> 72.3,kPa,,,20:59.3,->,72.3
14:20:59.469 -> 64.5,kPa,,,20:59.5,->,64.5
14:20:59.563 -> 60.6,kPa,,,20:59.6,->,60.6
14:20:59.657 -> 54.7,kPa,,,20:59.7,->,54.7
14:20:59.751 -> 54.7,kPa,,,20:59.8,->,54.7
14:20:59.845 -> 58.6,kPa,,,20:59.8,->,58.6
14:20:59.939 -> 58.6,kPa,,,20:59.9,->,58.6
14:21:00.033 -> 64.5,kPa,,,21:00.0,->,64.5
14:21:00.127 -> 70.3,kPa,,,21:00.1,->,70.3
14:21:00.267 -> 70.3,kPa,,,21:00.3,->,70.3
14:21:00.362 -> 66.4,kPa,,,21:00.4,->,66.4
14:21:00.455 -> 62.5,kPa,,,21:00.5,->,62.5
14:21:00.549 -> 64.5,kPa,,,21:00.5,->,64.5
14:21:00.642 -> 70.3,kPa,,,21:00.6,->,70.3
14:21:00.736 -> 74.3,kPa,,,21:00.7,->,74.3
14:21:00.830 -> 80.1,kPa,,,21:00.8,->,80.1
14:21:00.970 -> 86.0,kPa,,,21:01.0,->,86
14:21:01.064 -> 91.8,kPa,,,21:01.1,->,91.8
14:21:01.158 -> 93.8,kPa,,,21:01.2,->,93.8
14:21:01.315 -> 95.7,kPa,,,21:01.3,->,95.7
14:21:01.332 -> 97.7,kPa,,,21:01.3,->,97.7
14:21:01.474 -> 97.7,kPa,,,21:01.5,->,97.7
14:21:01.568 -> 95.7,kPa,,,21:01.6,->,95.7
14:21:01.662 -> 97.7,kPa,,,21:01.7,->,97.7
14:21:01.756 -> 99.6,kPa,,,21:01.8,->,99.6
14:21:01.849 -> 97.7,kPa,,,21:01.8,->,97.7
14:21:01.959 -> 99.6,kPa,,,21:02.0,->,99.6
14:21:02.052 -> 97.7,kPa,,,21:02.1,->,97.7
14:21:02.148 -> 93.8,kPa,,,21:02.1,->,93.8
14:21:02.325 -> 89.9,kPa,,,21:02.3,->,89.9
14:21:02.370 -> 87.9,kPa,,,21:02.4,->,87.9
14:21:02.464 -> 84.0,kPa,,,21:02.5,->,84
14:21:02.558 -> 80.1,kPa,,,21:02.6,->,80.1
14:21:02.652 -> 76.2,kPa,,,21:02.7,->,76.2
14:21:02.761 -> 72.3,kPa,,,21:02.8,->,72.3
14:21:02.856 -> 68.4,kPa,,,21:02.9,->,68.4
14:21:02.950 -> 66.4,kPa,,,21:03.0,->,66.4
14:21:03.044 -> 72.3,kPa,,,21:03.0,->,72.3
14:21:03.169 -> 70.3,kPa,,,21:03.2,->,70.3
14:21:03.372 -> 68.4,kPa,,,21:03.4,->,68.4
14:21:03.372 -> 68.4,kPa,,,21:03.4,->,68.4
14:21:03.485 -> 72.3,kPa,,,21:03.5,->,72.3
14:21:03.579 -> 70.3,kPa,,,21:03.6,->,70.3
14:21:03.673 -> 66.4,kPa,,,21:03.7,->,66.4
14:21:03.767 -> 60.6,kPa,,,21:03.8,->,60.6
14:21:03.860 -> 54.7,kPa,,,21:03.9,->,54.7
14:21:03.955 -> 52.8,kPa,,,21:04.0,->,52.8
14:21:04.048 -> 56.7,kPa,,,21:04.0,->,56.7
14:21:04.189 -> 64.5,kPa,,,21:04.2,->,64.5
14:21:04.316 -> 72.3,kPa,,,21:04.3,->,72.3
14:21:04.362 -> 74.3,kPa,,,21:04.4,->,74.3
14:21:04.457 -> 76.2,kPa,,,21:04.5,->,76.2
14:21:04.597 -> 78.2,kPa,,,21:04.6,->,78.2
14:21:04.644 -> 82.1,kPa,,,21:04.6,->,82.1
14:21:04.739 -> 82.1,kPa,,,21:04.7,->,82.1
14:21:04.895 -> 89.9,kPa,,,21:04.9,->,89.9
14:21:04.989 -> 93.8,kPa,,,21:05.0,->,93.8
14:21:05.082 -> 97.7,kPa,,,21:05.1,->,97.7
14:21:05.176 -> 97.7,kPa,,,21:05.2,->,97.7
14:21:05.364 -> 93.8,kPa,,,21:05.4,->,93.8
14:21:05.364 -> 87.9,kPa,,,21:05.4,->,87.9
14:21:05.490 -> 84.0,kPa,,,21:05.5,->,84
14:21:05.584 -> 84.0,kPa,,,21:05.6,->,84
14:21:05.677 -> 84.0,kPa,,,21:05.7,->,84
14:21:05.771 -> 84.0,kPa,,,21:05.8,->,84
14:21:05.865 -> 80.1,kPa,,,21:05.9,->,80.1
14:21:05.959 -> 78.2,kPa,,,21:06.0,->,78.2
14:21:06.053 -> 76.2,kPa,,,21:06.1,->,76.2
14:21:06.224 -> 78.2,kPa,,,21:06.2,->,78.2
14:21:06.271 -> 84.0,kPa,,,21:06.3,->,84
14:21:06.366 -> 86.0,kPa,,,21:06.4,->,86
14:21:06.507 -> 93.8,kPa,,,21:06.5,->,93.8
14:21:06.601 -> 95.7,kPa,,,21:06.6,->,95.7
14:21:06.694 -> 97.7,kPa,,,21:06.7,->,97.7
14:21:06.788 -> 97.7,kPa,,,21:06.8,->,97.7
14:21:06.882 -> 97.7,kPa,,,21:06.9,->,97.7
14:21:06.975 -> 97.7,kPa,,,21:07.0,->,97.7
14:21:07.069 -> 93.8,kPa,,,21:07.1,->,93.8
14:21:07.210 -> 93.8,kPa,,,21:07.2,->,93.8
14:21:07.272 -> 97.7,kPa,,,21:07.3,->,97.7
14:21:07.413 -> 97.7,kPa,,,21:07.4,->,97.7
14:21:07.491 -> 99.6,kPa,,,21:07.5,->,99.6
14:21:07.585 -> 97.7,kPa,,,21:07.6,->,97.7
14:21:07.679 -> 95.7,kPa,,,21:07.7,->,95.7
14:21:07.788 -> 97.7,kPa,,,21:07.8,->,97.7
14:21:07.882 -> 97.7,kPa,,,21:07.9,->,97.7
14:21:07.975 -> 95.7,kPa,,,21:08.0,->,95.7
14:21:08.117 -> 87.9,kPa,,,21:08.1,->,87.9
14:21:08.210 -> 82.1,kPa,,,21:08.2,->,82.1
14:21:08.273 -> 78.2,kPa,,,21:08.3,->,78.2
14:21:08.398 -> 78.2,kPa,,,21:08.4,->,78.2
14:21:08.507 -> 76.2,kPa,,,21:08.5,->,76.2
14:21:08.601 -> 72.3,kPa,,,21:08.6,->,72.3
14:21:08.679 -> 70.3,kPa,,,21:08.7,->,70.3
14:21:08.788 -> 70.3,kPa,,,21:08.8,->,70.3
14:21:08.913 -> 70.3,kPa,,,21:08.9,->,70.3
14:21:08.960 -> 72.3,kPa,,,21:09.0,->,72.3
14:21:09.101 -> 74.3,kPa,,,21:09.1,->,74.3
14:21:09.195 -> 78.2,kPa,,,21:09.2,->,78.2
14:21:09.288 -> 86.0,kPa,,,21:09.3,->,86
14:21:09.382 -> 95.7,kPa,,,21:09.4,->,95.7
14:21:09.476 -> 95.7,kPa,,,21:09.5,->,95.7
14:21:09.617 -> 99.6,kPa,,,21:09.6,->,99.6
14:21:09.711 -> 99.6,kPa,,,21:09.7,->,99.6
14:21:09.805 -> 95.7,kPa,,,21:09.8,->,95.7
14:21:09.899 -> 95.7,kPa,,,21:09.9,->,95.7
14:21:09.993 -> 95.7,kPa,,,21:10.0,->,95.7
14:21:10.118 -> 91.8,kPa,,,21:10.1,->,91.8
14:21:10.212 -> 93.8,kPa,,,21:10.2,->,93.8
14:21:10.274 -> 95.7,kPa,,,21:10.3,->,95.7
14:21:10.415 -> 93.8,kPa,,,21:10.4,->,93.8
14:21:10.508 -> 91.8,kPa,,,21:10.5,->,91.8
14:21:10.602 -> 95.7,kPa,,,21:10.6,->,95.7
14:21:10.696 -> 97.7,kPa,,,21:10.7,->,97.7
14:21:10.790 -> 97.7,kPa,,,21:10.8,->,97.7
14:21:10.884 -> 97.7,kPa,,,21:10.9,->,97.7
14:21:11.024 -> 97.7,kPa,,,21:11.0,->,97.7
14:21:11.118 -> 99.6,kPa,,,21:11.1,->,99.6
14:21:11.196 -> 97.7,kPa,,,21:11.2,->,97.7
14:21:11.306 -> 95.7,kPa,,,21:11.3,->,95.7
14:21:11.399 -> 93.8,kPa,,,21:11.4,->,93.8
14:21:11.509 -> 95.7,kPa,,,21:11.5,->,95.7
14:21:11.618 -> 97.7,kPa,,,21:11.6,->,97.7
14:21:11.712 -> 91.8,kPa,,,21:11.7,->,91.8
14:21:11.806 -> 93.8,kPa,,,21:11.8,->,93.8
14:21:11.915 -> 97.7,kPa,,,21:11.9,->,97.7
14:21:12.009 -> 99.6,kPa,,,21:12.0,->,99.6
14:21:12.103 -> 97.7,kPa,,,21:12.1,->,97.7
14:21:12.212 -> 95.7,kPa,,,21:12.2,->,95.7
14:21:12.306 -> 95.7,kPa,,,21:12.3,->,95.7
14:21:12.399 -> 93.8,kPa,,,21:12.4,->,93.8
14:21:12.540 -> 87.9,kPa,,,21:12.5,->,87.9
14:21:12.619 -> 86.0,kPa,,,21:12.6,->,86
14:21:12.729 -> 86.0,kPa,,,21:12.7,->,86
14:21:12.822 -> 80.1,kPa,,,21:12.8,->,80.1
14:21:12.900 -> 74.3,kPa,,,21:12.9,->,74.3
14:21:12.994 -> 70.3,kPa,,,21:13.0,->,70.3
14:21:13.119 -> 68.4,kPa,,,21:13.1,->,68.4
14:21:13.213 -> 64.5,kPa,,,21:13.2,->,64.5
14:21:13.307 -> 66.4,kPa,,,21:13.3,->,66.4
14:21:13.433 -> 70.3,kPa,,,21:13.4,->,70.3
14:21:13.529 -> 72.3,kPa,,,21:13.5,->,72.3
14:21:13.622 -> 70.3,kPa,,,21:13.6,->,70.3
14:21:13.716 -> 70.3,kPa,,,21:13.7,->,70.3
14:21:13.810 -> 72.3,kPa,,,21:13.8,->,72.3
14:21:13.904 -> 76.2,kPa,,,21:13.9,->,76.2
14:21:13.998 -> 76.2,kPa,,,21:14.0,->,76.2
14:21:14.138 -> 80.1,kPa,,,21:14.1,->,80.1
14:21:14.232 -> 87.9,kPa,,,21:14.2,->,87.9
14:21:14.326 -> 93.8,kPa,,,21:14.3,->,93.8
14:21:14.419 -> 93.8,kPa,,,21:14.4,->,93.8
14:21:14.513 -> 97.7,kPa,,,21:14.5,->,97.7
14:21:14.607 -> 99.6,kPa,,,21:14.6,->,99.6
14:21:14.748 -> 97.7,kPa,,,21:14.7,->,97.7
14:21:14.843 -> 97.7,kPa,,,21:14.8,->,97.7
14:21:14.936 -> 93.8,kPa,,,21:14.9,->,93.8
14:21:15.030 -> 89.9,kPa,,,21:15.0,->,89.9
14:21:15.124 -> 91.8,kPa,,,21:15.1,->,91.8
14:21:15.217 -> 91.8,kPa,,,21:15.2,->,91.8
14:21:15.327 -> 89.9,kPa,,,21:15.3,->,89.9
14:21:15.421 -> 87.9,kPa,,,21:15.4,->,87.9
14:21:15.514 -> 84.0,kPa,,,21:15.5,->,84
14:21:15.608 -> 86.0,kPa,,,21:15.6,->,86
14:21:15.749 -> 89.9,kPa,,,21:15.7,->,89.9
14:21:15.843 -> 93.8,kPa,,,21:15.8,->,93.8
14:21:15.936 -> 95.7,kPa,,,21:15.9,->,95.7
14:21:16.046 -> 97.7,kPa,,,21:16.0,->,97.7
14:21:16.155 -> 97.7,kPa,,,21:16.2,->,97.7
14:21:16.249 -> 97.7,kPa,,,21:16.2,->,97.7
14:21:16.359 -> 97.7,kPa,,,21:16.4,->,97.7
14:21:16.421 -> 93.8,kPa,,,21:16.4,->,93.8
14:21:16.547 -> 93.8,kPa,,,21:16.5,->,93.8
14:21:16.641 -> 93.8,kPa,,,21:16.6,->,93.8
14:21:16.735 -> 95.7,kPa,,,21:16.7,->,95.7
14:21:16.829 -> 93.8,kPa,,,21:16.8,->,93.8
14:21:16.922 -> 89.9,kPa,,,21:16.9,->,89.9
14:21:17.063 -> 87.9,kPa,,,21:17.1,->,87.9
14:21:17.157 -> 91.8,kPa,,,21:17.2,->,91.8
14:21:17.250 -> 95.7,kPa,,,21:17.3,->,95.7
14:21:17.375 -> 95.7,kPa,,,21:17.4,->,95.7
14:21:17.469 -> 95.7,kPa,,,21:17.5,->,95.7
14:21:17.563 -> 95.7,kPa,,,21:17.6,->,95.7
14:21:17.641 -> 89.9,kPa,,,21:17.6,->,89.9
14:21:17.735 -> 84.0,kPa,,,21:17.7,->,84
14:21:17.829 -> 76.2,kPa,,,21:17.8,->,76.2
14:21:17.938 -> 72.3,kPa,,,21:17.9,->,72.3
14:21:18.032 -> 72.3,kPa,,,21:18.0,->,72.3
14:21:18.126 -> 80.1,kPa,,,21:18.1,->,80.1
14:21:18.266 -> 86.0,kPa,,,21:18.3,->,86
14:21:18.360 -> 93.8,kPa,,,21:18.4,->,93.8
14:21:18.456 -> 93.8,kPa,,,21:18.5,->,93.8
14:21:18.551 -> 95.7,kPa,,,21:18.6,->,95.7
14:21:18.660 -> 97.7,kPa,,,21:18.7,->,97.7
14:21:18.754 -> 99.6,kPa,,,21:18.8,->,99.6
14:21:18.847 -> 101.6,kPa,,,21:18.8,->,101.6
14:21:18.942 -> 99.6,kPa,,,21:18.9,->,99.6
14:21:19.035 -> 99.6,kPa,,,21:19.0,->,99.6
14:21:19.129 -> 99.6,kPa,,,21:19.1,->,99.6
14:21:19.239 -> 99.6,kPa,,,21:19.2,->,99.6
14:21:19.379 -> 99.6,kPa,,,21:19.4,->,99.6
14:21:19.475 -> 97.7,kPa,,,21:19.5,->,97.7
14:21:19.570 -> 97.7,kPa,,,21:19.6,->,97.7
14:21:19.664 -> 93.8,kPa,,,21:19.7,->,93.8
14:21:19.758 -> 91.8,kPa,,,21:19.8,->,91.8
14:21:19.852 -> 93.8,kPa,,,21:19.9,->,93.8
14:21:19.946 -> 95.7,kPa,,,21:19.9,->,95.7
14:21:20.055 -> 95.7,kPa,,,21:20.1,->,95.7
14:21:20.149 -> 97.7,kPa,,,21:20.1,->,97.7
14:21:20.242 -> 97.7,kPa,,,21:20.2,->,97.7
14:21:20.384 -> 95.7,kPa,,,21:20.4,->,95.7
14:21:20.480 -> 89.9,kPa,,,21:20.5,->,89.9
14:21:20.578 -> 86.0,kPa,,,21:20.6,->,86
14:21:20.670 -> 80.1,kPa,,,21:20.7,->,80.1
14:21:20.767 -> 76.2,kPa,,,21:20.8,->,76.2
14:21:20.860 -> 74.3,kPa,,,21:20.9,->,74.3
14:21:20.954 -> 74.3,kPa,,,21:21.0,->,74.3
14:21:21.048 -> 74.3,kPa,,,21:21.0,->,74.3
14:21:21.175 -> 76.2,kPa,,,21:21.2,->,76.2
14:21:21.256 -> 76.2,kPa,,,21:21.3,->,76.2
14:21:21.349 -> 80.1,kPa,,,21:21.3,->,80.1
14:21:21.444 -> 86.0,kPa,,,21:21.4,->,86
14:21:21.587 -> 91.8,kPa,,,21:21.6,->,91.8
14:21:21.684 -> 95.7,kPa,,,21:21.7,->,95.7
14:21:21.777 -> 97.7,kPa,,,21:21.8,->,97.7
14:21:21.871 -> 97.7,kPa,,,21:21.9,->,97.7
14:21:21.966 -> 95.7,kPa,,,21:22.0,->,95.7
14:21:22.061 -> 95.7,kPa,,,21:22.1,->,95.7
14:21:22.189 -> 97.7,kPa,,,21:22.2,->,97.7
14:21:22.285 -> 93.8,kPa,,,21:22.3,->,93.8
14:21:22.380 -> 97.7,kPa,,,21:22.4,->,97.7
14:21:22.474 -> 97.7,kPa,,,21:22.5,->,97.7
14:21:22.569 -> 97.7,kPa,,,21:22.6,->,97.7
14:21:22.664 -> 93.8,kPa,,,21:22.7,->,93.8
14:21:22.759 -> 89.9,kPa,,,21:22.8,->,89.9
14:21:22.854 -> 89.9,kPa,,,21:22.9,->,89.9
14:21:22.996 -> 91.8,kPa,,,21:23.0,->,91.8
14:21:23.090 -> 93.8,kPa,,,21:23.1,->,93.8
14:21:23.186 -> 93.8,kPa,,,21:23.2,->,93.8
14:21:23.297 -> 87.9,kPa,,,21:23.3,->,87.9
14:21:23.390 -> 86.0,kPa,,,21:23.4,->,86
14:21:23.470 -> 80.1,kPa,,,21:23.5,->,80.1
14:21:23.565 -> 78.2,kPa,,,21:23.6,->,78.2
14:21:23.661 -> 76.2,kPa,,,21:23.7,->,76.2
14:21:23.771 -> 76.2,kPa,,,21:23.8,->,76.2
14:21:23.882 -> 78.2,kPa,,,21:23.9,->,78.2
14:21:23.962 -> 80.1,kPa,,,21:24.0,->,80.1
14:21:24.104 -> 84.0,kPa,,,21:24.1,->,84
14:21:24.183 -> 84.0,kPa,,,21:24.2,->,84
14:21:24.278 -> 86.0,kPa,,,21:24.3,->,86
14:21:24.374 -> 91.8,kPa,,,21:24.4,->,91.8
14:21:24.469 -> 97.7,kPa,,,21:24.5,->,97.7
14:21:24.564 -> 99.6,kPa,,,21:24.6,->,99.6
14:21:24.706 -> 99.6,kPa,,,21:24.7,->,99.6
14:21:24.802 -> 99.6,kPa,,,21:24.8,->,99.6
14:21:24.898 -> 97.7,kPa,,,21:24.9,->,97.7
14:21:24.987 -> 99.6,kPa,,,21:25.0,->,99.6
14:21:25.073 -> 99.6,kPa,,,21:25.1,->,99.6
14:21:25.169 -> 99.6,kPa,,,21:25.2,->,99.6
14:21:25.264 -> 95.7,kPa,,,21:25.3,->,95.7
14:21:25.392 -> 91.8,kPa,,,21:25.4,->,91.8
14:21:25.473 -> 89.9,kPa,,,21:25.5,->,89.9
14:21:25.613 -> 89.9,kPa,,,21:25.6,->,89.9
14:21:25.693 -> 91.8,kPa,,,21:25.7,->,91.8
14:21:25.787 -> 93.8,kPa,,,21:25.8,->,93.8
14:21:25.882 -> 89.9,kPa,,,21:25.9,->,89.9
14:21:25.979 -> 89.9,kPa,,,21:26.0,->,89.9
14:21:26.075 -> 86.0,kPa,,,21:26.1,->,86
14:21:26.170 -> 80.1,kPa,,,21:26.2,->,80.1
14:21:26.328 -> 78.2,kPa,,,21:26.3,->,78.2
14:21:26.375 -> 80.1,kPa,,,21:26.4,->,80.1
14:21:26.503 -> 87.9,kPa,,,21:26.5,->,87.9
14:21:26.597 -> 87.9,kPa,,,21:26.6,->,87.9
14:21:26.693 -> 84.0,kPa,,,21:26.7,->,84
14:21:26.789 -> 82.1,kPa,,,21:26.8,->,82.1
14:21:26.917 -> 80.1,kPa,,,21:26.9,->,80.1
14:21:27.026 -> 76.2,kPa,,,21:27.0,->,76.2
14:21:27.075 -> 80.1,kPa,,,21:27.1,->,80.1
14:21:27.218 -> 84.0,kPa,,,21:27.2,->,84
14:21:27.312 -> 91.8,kPa,,,21:27.3,->,91.8
14:21:27.407 -> 89.9,kPa,,,21:27.4,->,89.9
14:21:27.496 -> 91.8,kPa,,,21:27.5,->,91.8
14:21:27.580 -> 91.8,kPa,,,21:27.6,->,91.8
14:21:27.723 -> 93.8,kPa,,,21:27.7,->,93.8
14:21:27.817 -> 95.7,kPa,,,21:27.8,->,95.7
14:21:27.897 -> 95.7,kPa,,,21:27.9,->,95.7
14:21:27.992 -> 97.7,kPa,,,21:28.0,->,97.7
14:21:28.087 -> 97.7,kPa,,,21:28.1,->,97.7
14:21:28.181 -> 97.7,kPa,,,21:28.2,->,97.7
14:21:28.324 -> 99.6,kPa,,,21:28.3,->,99.6
14:21:28.419 -> 95.7,kPa,,,21:28.4,->,95.7
14:21:28.513 -> 97.7,kPa,,,21:28.5,->,97.7
14:21:28.608 -> 93.8,kPa,,,21:28.6,->,93.8
14:21:28.687 -> 91.8,kPa,,,21:28.7,->,91.8
14:21:28.830 -> 89.9,kPa,,,21:28.8,->,89.9
14:21:28.925 -> 89.9,kPa,,,21:28.9,->,89.9
14:21:29.019 -> 89.9,kPa,,,21:29.0,->,89.9
14:21:29.114 -> 91.8,kPa,,,21:29.1,->,91.8
14:21:29.209 -> 91.8,kPa,,,21:29.2,->,91.8
14:21:29.305 -> 93.8,kPa,,,21:29.3,->,93.8
14:21:29.400 -> 95.7,kPa,,,21:29.4,->,95.7
14:21:29.511 -> 95.7,kPa,,,21:29.5,->,95.7
14:21:29.590 -> 95.7,kPa,,,21:29.6,->,95.7
14:21:29.732 -> 95.7,kPa,,,21:29.7,->,95.7
14:21:29.827 -> 29.3,kPa,,,21:29.8,->,29.3
14:21:29.922 -> 0.0,kPa,,,21:29.9,->,0
14:21:30.016 -> 0.0,kPa,,,21:30.0,->,0
14:21:30.111 -> 0.0,kPa,,,21:30.1,->,0
14:21:30.205 -> 0.0,kPa,,,21:30.2,->,0
14:21:30.324 -> 0.0,kPa,,,21:30.3,->,0
14:21:30.411 -> 0.0,kPa,,,21:30.4,->,0
14:21:32.210 -> -1.9,kPa,,,21:32.2,->,-1.9
14:21:32.352 -> -1.9,kPa,,,21:32.4,->,-1.9
14:21:32.447 -> 0.0,kPa,,,21:32.4,->,0
14:21:32.540 -> 0.0,kPa,,,21:32.5,->,0
14:21:32.635 -> 0.0,kPa,,,21:32.6,->,0
14:21:32.730 -> 0.0,kPa,,,21:32.7,->,0
14:21:34.417 -> 2.0,kPa,,,21:34.4,->,2
14:21:34.558 -> 0.0,kPa,,,21:34.6,->,0
